Product;FinancialPrice;data
paiva; 4,47 ;12/08/2021
paiva;4,483246;11/08/2021
paiva;4,501608;10/08/2021
paiva;4,52716;09/08/2021
paiva;4,514663;06/08/2021
paiva;4,494986;05/08/2021
paiva;4,487383;04/08/2021
paiva;4,517188;03/08/2021
paiva;4,506967;02/08/2021
paiva;4,47428;30/07/2021
paiva;4,592585;29/07/2021
paiva;4,589128;28/07/2021
paiva;4,568825;27/07/2021
paiva;4,628473;26/07/2021
paiva;4,655227;23/07/2021
paiva;4,676055;22/07/2021
paiva;4,633791;21/07/2021
paiva;4,626107;20/07/2021
paiva;4,617505;19/07/2021
paiva;4,669571;16/07/2021
paiva;4,694948;15/07/2021
paiva;4,714081;14/07/2021
paiva;4,708932;13/07/2021
paiva;4,680476;12/07/2021
paiva;4,624963;09/07/2021
paiva;4,620974;08/07/2021
paiva;4,668457;07/07/2021
paiva;4,605888;06/07/2021
paiva;4,650511;05/07/2021
paiva;4,661086;02/07/2021
paiva;4,593144;01/07/2021
paiva;4,623491;30/06/2021
paiva;4,638015;29/06/2021
paiva;4,643366;28/06/2021
paiva;4,61522;25/06/2021
paiva;4,67573;24/06/2021
paiva;4,645618;23/06/2021
paiva;4,655983;22/06/2021
paiva;4,652085;21/06/2021
paiva;4,63041;18/06/2021
paiva;4,619089;17/06/2021
paiva;4,619626;16/06/2021
paiva;4,633157;15/06/2021
paiva;4,637583;14/06/2021
paiva;4,598674;11/06/2021
paiva;4,628845;10/06/2021
paiva;4,609179;09/06/2021
paiva;4,615507;08/06/2021
paiva;4,635021;07/06/2021
paiva;4,615206;04/06/2021
paiva;4,602364;03/06/2021
paiva;4,602364;02/06/2021
paiva;4,60457;01/06/2021
paiva;4,535979;31/05/2021
paiva;4,502095;28/05/2021
paiva;4,477519;27/05/2021
paiva;4,464963;26/05/2021
paiva;4,445496;25/05/2021
paiva;4,458349;24/05/2021
paiva;4,3979;21/05/2021
paiva;4,414224;20/05/2021
paiva;4,381482;19/05/2021
paiva;4,401256;18/05/2021
paiva;4,409434;17/05/2021
paiva;4,378766;14/05/2021
paiva;4,325146;13/05/2021
paiva;4,285079;12/05/2021
paiva;4,413597;11/05/2021
paiva;4,392306;10/05/2021
paiva;4,356557;07/05/2021
paiva;4,35598;06/05/2021
paiva;4,36769;05/05/2021
paiva;4,32207;04/05/2021
paiva;4,363151;03/05/2021
paiva;4,347444;30/04/2021
paiva;4,371675;29/04/2021
paiva;4,37659;28/04/2021
paiva;4,343457;27/04/2021
paiva;4,379052;26/04/2021
paiva;4,36999;23/04/2021
paiva;4,328038;22/04/2021
paiva;4,365991;21/04/2021
paiva;4,365991;20/04/2021
paiva;4,389665;19/04/2021
paiva;4,404043;16/04/2021
paiva;4,379924;15/04/2021
paiva;4,385566;14/04/2021
paiva;4,385111;13/04/2021
paiva;4,378032;12/04/2021
paiva;4,343884;09/04/2021
paiva;4,347557;08/04/2021
paiva;4,31224;07/04/2021
paiva;4,314082;06/04/2021
paiva;4,228285;05/04/2021
paiva;4,227847;02/04/2021
paiva;4,227847;01/04/2021
paiva;4,232831;31/03/2021
paiva;4,228251;30/03/2021
paiva;4,160291;29/03/2021
paiva;4,179692;26/03/2021
paiva;4,180098;25/03/2021
paiva;4,09778;24/03/2021
paiva;4,18365;23/03/2021
paiva;4,21796;22/03/2021
paiva;4,244551;19/03/2021
paiva;4,171382;18/03/2021
paiva;4,274231;17/03/2021
paiva;4,204172;16/03/2021
paiva;4,23241;15/03/2021
paiva;4,189594;12/03/2021
paiva;4,213512;11/03/2021
paiva;4,107162;10/03/2021
paiva;4,066899;09/03/2021
paiva;4,051868;08/03/2021
paiva;4,247515;05/03/2021
paiva;4,187397;04/03/2021
paiva;4,171531;03/03/2021
paiva;4,198983;02/03/2021
paiva;4,191468;01/03/2021
paiva;4,157592;26/02/2021
paiva;4,223501;25/02/2021
paiva;4,331792;24/02/2021
paiva;4,332797;23/02/2021
paiva;4,302483;22/02/2021
paiva;4,448489;19/02/2021
paiva;4,43563;18/02/2021
paiva;4,482526;17/02/2021
paiva;4,481175;16/02/2021
paiva;4,481175;15/02/2021
paiva;4,481175;12/02/2021
paiva;4,475979;11/02/2021
paiva;4,41201;10/02/2021
paiva;4,466508;09/02/2021
paiva;4,48843;08/02/2021
paiva;4,469864;05/02/2021
paiva;4,443064;04/02/2021
paiva;4,439986;03/02/2021
paiva;4,389567;02/02/2021
paiva;4,328133;01/02/2021
paiva;4,244793;29/01/2021
paiva;4,355999;28/01/2021
paiva;4,242774;27/01/2021
paiva;4,298772;26/01/2021
paiva;4,309457;25/01/2021
paiva;4,320871;22/01/2021
paiva;4,350008;21/01/2021
paiva;4,395525;20/01/2021
paiva;4,405504;19/01/2021
paiva;4,400016;18/01/2021
paiva;4,366472;15/01/2021
paiva;4,421908;14/01/2021
paiva;4,380784;13/01/2021
paiva;4,411309;12/01/2021
paiva;4,358823;11/01/2021
paiva;4,384166;08/01/2021
paiva;4,209782;07/01/2021
paiva;4,147098;06/01/2021
paiva;4,255626;05/01/2021
paiva;4,262238;04/01/2021
paiva;4,282475;01/01/2021
paiva;4,282475;31/12/2020
paiva;4,286502;30/12/2020
paiva;4,288463;29/12/2020
paiva;4,277583;28/12/2020
paiva;4,239714;25/12/2020
paiva;4,239714;24/12/2020
paiva;4,237982;23/12/2020
paiva;4,208769;22/12/2020
paiva;4,252405;21/12/2020
paiva;4,252087;18/12/2020
paiva;4,265498;17/12/2020
paiva;4,251716;16/12/2020
paiva;4,198291;15/12/2020
paiva;4,13951;14/12/2020
paiva;4,134451;11/12/2020
paiva;4,120173;10/12/2020
paiva;4,094662;09/12/2020
paiva;4,135625;08/12/2020
paiva;4,111267;07/12/2020
paiva;4,1449;04/12/2020
paiva;4,099295;03/12/2020
paiva;4,098143;02/12/2020
paiva;4,08345;01/12/2020
paiva;4,070472;30/11/2020
paiva;4,121404;27/11/2020
paiva;4,100409;26/11/2020
paiva;4,087704;25/11/2020
paiva;4,064169;24/11/2020
paiva;4,026365;23/11/2020
paiva;3,988395;20/11/2020
paiva;3,992755;19/11/2020
paiva;3,977299;18/11/2020
paiva;4,018535;17/11/2020
paiva;4,019531;16/11/2020
paiva;3,985073;13/11/2020
paiva;3,903666;12/11/2020
paiva;3,965286;11/11/2020
paiva;3,958313;10/11/2020
paiva;3,975119;09/11/2020
paiva;3,966934;06/11/2020
paiva;3,948288;05/11/2020
paiva;3,826701;04/11/2020
paiva;3,724862;03/11/2020
paiva;3,666781;02/11/2020
paiva;3,666781;30/10/2020
paiva;3,772578;29/10/2020
paiva;3,735435;28/10/2020
paiva;3,865203;27/10/2020
paiva;3,885728;26/10/2020
paiva;3,904608;23/10/2020
paiva;3,91697;22/10/2020
paiva;3,903961;21/10/2020
paiva;3,90196;20/10/2020
paiva;3,839537;19/10/2020
paiva;3,838224;16/10/2020
paiva;3,853424;15/10/2020
paiva;3,842359;14/10/2020
paiva;3,805709;13/10/2020
paiva;3,772976;12/10/2020
paiva;3,772976;09/10/2020
paiva;3,770143;08/10/2020
paiva;3,712955;07/10/2020
paiva;3,715663;06/10/2020
paiva;3,727611;05/10/2020
paiva;3,676653;02/10/2020
paiva;3,727514;01/10/2020
paiva;3,692158;30/09/2020
paiva;3,649178;29/09/2020
paiva;3,677435;28/09/2020
paiva;3,761701;25/09/2020
paiva;3,753763;24/09/2020
paiva;3,724774;23/09/2020
paiva;3,769811;22/09/2020
paiva;3,750418;21/09/2020
paiva;3,785545;18/09/2020
paiva;3,842051;17/09/2020
paiva;3,845001;16/09/2020
paiva;3,867595;15/09/2020
paiva;3,864456;14/09/2020
paiva;3,78537;11/09/2020
paiva;3,811287;10/09/2020
paiva;3,895091;09/09/2020
paiva;3,845796;08/09/2020
paiva;3,873948;07/09/2020
paiva;3,873948;04/09/2020
paiva;3,865816;03/09/2020
paiva;3,93605;02/09/2020
paiva;3,941186;01/09/2020
paiva;3,857975;31/08/2020
paiva;3,929144;28/08/2020
paiva;3,879904;27/08/2020
paiva;3,87419;26/08/2020
paiva;3,91426;25/08/2020
paiva;3,904287;24/08/2020
paiva;3,87903;21/08/2020
paiva;3,864687;20/08/2020
paiva;3,834949;19/08/2020
paiva;3,865427;18/08/2020
paiva;3,768571;17/08/2020
paiva;3,844973;14/08/2020
paiva;3,79775;13/08/2020
paiva;3,830759;12/08/2020
paiva;3,849923;11/08/2020
paiva;3,881614;10/08/2020
paiva;3,897029;07/08/2020
paiva;3,940954;06/08/2020
paiva;3,886813;05/08/2020
paiva;3,833798;04/08/2020
paiva;3,880939;03/08/2020
paiva;3,878857;31/07/2020
paiva;3,926662;30/07/2020
paiva;3,893887;29/07/2020
paiva;3,835839;28/07/2020
paiva;3,83759;27/07/2020
paiva;3,79187;24/07/2020
paiva;3,801195;23/07/2020
paiva;3,859709;22/07/2020
paiva;3,860229;21/07/2020
paiva;3,886594;20/07/2020
paiva;3,820828;17/07/2020
paiva;3,735628;16/07/2020
paiva;3,762819;15/07/2020
paiva;3,71982;14/07/2020
paiva;3,69032;13/07/2020
paiva;3,750011;10/07/2020
paiva;3,725261;09/07/2020
paiva;3,731769;08/07/2020
paiva;3,669802;07/07/2020
paiva;3,692334;06/07/2020
paiva;3,617214;03/07/2020
paiva;3,59055;02/07/2020
paiva;3,596796;01/07/2020
paiva;3,544609;30/06/2020
paiva;3,487421;29/06/2020
paiva;3,487197;26/06/2020
paiva;3,564218;25/06/2020
paiva;3,516839;24/06/2020
paiva;3,568065;23/06/2020
paiva;3,550729;22/06/2020
paiva;3,570773;19/06/2020
paiva;3,547739;18/06/2020
paiva;3,530044;17/06/2020
paiva;3,447695;16/06/2020
paiva;3,42707;15/06/2020
paiva;3,418221;12/06/2020
paiva;3,461031;11/06/2020
paiva;3,461031;10/06/2020
paiva;3,516408;09/06/2020
paiva;3,542892;08/06/2020
paiva;3,443066;05/06/2020
paiva;3,405383;04/06/2020
paiva;3,397034;03/06/2020
paiva;3,305972;02/06/2020
paiva;3,252528;01/06/2020
paiva;3,195677;29/05/2020
paiva;3,196108;28/05/2020
paiva;3,235687;27/05/2020
paiva;3,134082;26/05/2020
paiva;3,118116;25/05/2020
paiva;3,010917;22/05/2020
paiva;3,028976;21/05/2020
paiva;2,960655;20/05/2020
paiva;2,941595;19/05/2020
paiva;2,945388;18/05/2020
paiva;2,822713;15/05/2020
paiva;2,852574;14/05/2020
paiva;2,816411;13/05/2020
paiva;2,824426;12/05/2020
paiva;2,878651;11/05/2020
paiva;2,921176;08/05/2020
paiva;2,900506;07/05/2020
paiva;2,935552;06/05/2020
paiva;2,917103;05/05/2020
paiva;2,90831;04/05/2020
paiva;2,971442;01/05/2020
paiva;2,971442;30/04/2020
paiva;3,055196;29/04/2020
paiva;2,993822;28/04/2020
paiva;2,88847;27/04/2020
paiva;2,770951;24/04/2020
paiva;2,93592;23/04/2020
paiva;2,969774;22/04/2020
paiva;2,881922;21/04/2020
paiva;2,881922;20/04/2020
paiva;2,846718;17/04/2020
paiva;2,814627;16/04/2020
paiva;2,819359;15/04/2020
paiva;2,81921;14/04/2020
paiva;2,747781;13/04/2020
paiva;2,729577;10/04/2020
paiva;2,729577;09/04/2020
paiva;2,753808;08/04/2020
paiva;2,665987;07/04/2020
paiva;2,570556;06/04/2020
paiva;2,407324;03/04/2020
paiva;2,491063;02/04/2020
paiva;2,45976;01/04/2020
paiva;2,582096;31/03/2020
paiva;2,66653;30/03/2020
paiva;2,673432;27/03/2020
paiva;2,833814;26/03/2020
paiva;2,693968;25/03/2020
paiva;2,486266;24/03/2020
paiva;2,257885;23/03/2020
paiva;2,386955;20/03/2020
paiva;2,391883;19/03/2020
paiva;2,270429;18/03/2020
paiva;2,62585;17/03/2020
paiva;2,547828;16/03/2020
paiva;3,000215;13/03/2020
paiva;2,674008;12/03/2020
paiva;3,164952;11/03/2020
paiva;3,420909;10/03/2020
paiva;3,184659;09/03/2020
paiva;3,595996;06/03/2020
paiva;3,754688;05/03/2020
paiva;3,967109;04/03/2020
paiva;3,900416;03/03/2020
paiva;3,934038;02/03/2020
paiva;3,837401;28/02/2020
paiva;3,805681;27/02/2020
paiva;3,912574;26/02/2020
paiva;4,165036;25/02/2020
paiva;4,165036;24/02/2020
paiva;4,165036;21/02/2020
paiva;4,188261;20/02/2020
paiva;4,242946;19/02/2020
paiva;4,186994;18/02/2020
paiva;4,2018;17/02/2020
paiva;4,16784;14/02/2020
paiva;4,189782;13/02/2020
paiva;4,201785;12/02/2020
paiva;4,133576;11/02/2020
paiva;4,027147;10/02/2020
paiva;4,087689;07/02/2020
paiva;4,159672;06/02/2020
paiva;4,209835;05/02/2020
paiva;4,203615;04/02/2020
paiva;4,170066;03/02/2020
paiva;4,118359;31/01/2020
paiva;4,172727;30/01/2020
paiva;4,177479;29/01/2020
paiva;4,195399;28/01/2020
paiva;4,10775;27/01/2020
paiva;4,226347;24/01/2020
paiva;4,258818;23/01/2020
paiva;4,224609;22/01/2020
paiva;4,179088;21/01/2020
paiva;4,21481;20/01/2020
paiva;4,189047;17/01/2020
paiva;4,156849;16/01/2020
paiva;4,143213;15/01/2020
paiva;4,155915;14/01/2020
paiva;4,140744;13/01/2020
paiva;4,083056;10/01/2020
paiva;4,074911;09/01/2020
paiva;4,052244;08/01/2020
paiva;4,063063;07/01/2020
paiva;4,051773;06/01/2020
paiva;4,076965;03/01/2020
paiva;4,069463;02/01/2020
paiva;3,988852;01/01/2020
paiva;3,988852;31/12/2019
paiva;3,98972;30/12/2019
paiva;4,009031;27/12/2019
paiva;4,02511;26/12/2019
paiva;3,988759;25/12/2019
paiva;3,988759;24/12/2019
paiva;3,983329;23/12/2019
paiva;3,955251;20/12/2019
paiva;3,949183;19/12/2019
paiva;3,910889;18/12/2019
paiva;3,859933;17/12/2019
paiva;3,86804;16/12/2019
paiva;3,857024;13/12/2019
paiva;3,811026;12/12/2019
paiva;3,783283;11/12/2019
paiva;3,741245;10/12/2019
paiva;3,737734;09/12/2019
paiva;3,746851;06/12/2019
paiva;3,707368;05/12/2019
paiva;3,693909;04/12/2019
paiva;3,672154;03/12/2019
paiva;3,652663;02/12/2019
paiva;3,640796;29/11/2019
paiva;3,636371;28/11/2019
paiva;3,609001;27/11/2019
paiva;3,59392;26/11/2019
paiva;3,618469;25/11/2019
paiva;3,617135;22/11/2019
paiva;3,580891;21/11/2019
paiva;3,524041;20/11/2019
paiva;3,521279;19/11/2019
paiva;3,533286;18/11/2019
paiva;3,547566;15/11/2019
paiva;3,547566;14/11/2019
paiva;3,49363;13/11/2019
paiva;3,505414;12/11/2019
paiva;3,561136;11/11/2019
paiva;3,535707;08/11/2019
paiva;3,580104;07/11/2019
paiva;3,541894;06/11/2019
paiva;3,530462;05/11/2019
paiva;3,556148;04/11/2019
paiva;3,560002;01/11/2019
paiva;3,516935;31/10/2019
paiva;3,533885;30/10/2019
paiva;3,497961;29/10/2019
paiva;3,502476;28/10/2019
paiva;3,490879;25/10/2019
paiva;3,487558;24/10/2019
paiva;3,505217;23/10/2019
paiva;3,520838;22/10/2019
paiva;3,510538;21/10/2019
paiva;3,481233;18/10/2019
paiva;3,475591;17/10/2019
paiva;3,470496;16/10/2019
paiva;3,449473;15/10/2019
paiva;3,4574;14/10/2019
paiva;3,434787;11/10/2019
paiva;3,374266;10/10/2019
paiva;3,368469;09/10/2019
paiva;3,339656;08/10/2019
paiva;3,36787;07/10/2019
paiva;3,423606;04/10/2019
paiva;3,388136;03/10/2019
paiva;3,359369;02/10/2019
paiva;3,428557;01/10/2019
paiva;3,446538;30/09/2019
paiva;3,435643;27/09/2019
paiva;3,440175;26/09/2019
paiva;3,412264;25/09/2019
paiva;3,409019;24/09/2019
paiva;3,423469;23/09/2019
paiva;3,433911;20/09/2019
paiva;3,431595;19/09/2019
paiva;3,4074;18/09/2019
paiva;3,397475;17/09/2019
paiva;3,361002;16/09/2019
paiva;3,36598;13/09/2019
paiva;3,396529;12/09/2019
paiva;3,378448;11/09/2019
paiva;3,312734;10/09/2019
paiva;3,318459;09/09/2019
paiva;3,365658;06/09/2019
paiva;3,37572;05/09/2019
paiva;3,365003;04/09/2019
paiva;3,348829;03/09/2019
paiva;3,384967;02/09/2019
paiva;3,378437;30/08/2019
paiva;3,345346;29/08/2019
paiva;3,2798;28/08/2019
paiva;3,246219;27/08/2019
paiva;3,216432;26/08/2019
paiva;3,266133;23/08/2019
paiva;3,337422;22/08/2019
paiva;3,369731;21/08/2019
paiva;3,310599;20/08/2019
paiva;3,31203;19/08/2019
paiva;3,326538;16/08/2019
paiva;3,295967;15/08/2019
paiva;3,342647;14/08/2019
paiva;3,423618;13/08/2019
paiva;3,390366;12/08/2019
paiva;3,454101;09/08/2019
paiva;3,435438;08/08/2019
paiva;3,376101;07/08/2019
paiva;3,359127;06/08/2019
paiva;3,290672;05/08/2019
paiva;3,364398;02/08/2019
paiva;3,349902;01/08/2019
paiva;3,318337;31/07/2019
paiva;3,330499;30/07/2019
paiva;3,31104;29/07/2019
paiva;3,283558;26/07/2019
paiva;3,263281;25/07/2019
paiva;3,296202;24/07/2019
paiva;3,286151;23/07/2019
paiva;3,299338;22/07/2019
paiva;3,298496;19/07/2019
paiva;3,333866;18/07/2019
paiva;3,315957;17/07/2019
paiva;3,303333;16/07/2019
paiva;3,294099;15/07/2019
paiva;3,298568;12/07/2019
paiva;3,3277;11/07/2019
paiva;3,351338;10/07/2019
paiva;3,302729;09/07/2019
paiva;3,301061;08/07/2019
paiva;3,27345;05/07/2019
paiva;3,245485;04/07/2019
paiva;3,196656;03/07/2019
paiva;3,155339;02/07/2019
paiva;3,164023;01/07/2019
paiva;3,16695;28/06/2019
paiva;3,141443;27/06/2019
paiva;3,124113;26/06/2019
paiva;3,118176;25/06/2019
paiva;3,176064;24/06/2019
paiva;3,173063;21/06/2019
paiva;3,140347;20/06/2019
paiva;3,140347;19/06/2019
paiva;3,117094;18/06/2019
paiva;3,08298;17/06/2019
paiva;3,086325;14/06/2019
paiva;3,102108;13/06/2019
paiva;3,066489;12/06/2019
paiva;3,084993;11/06/2019
paiva;3,052426;10/06/2019
paiva;3,060706;07/06/2019
paiva;3,03055;06/06/2019
paiva;3,003512;05/06/2019
paiva;3,029245;04/06/2019
paiva;3,022709;03/06/2019
paiva;3,025754;31/05/2019
paiva;3,024424;30/05/2019
paiva;2,998186;29/05/2019
paiva;2,991388;28/05/2019
paiva;2,949037;27/05/2019
paiva;2,91467;24/05/2019
paiva;2,925343;23/05/2019
paiva;2,941471;22/05/2019
paiva;2,939339;21/05/2019
paiva;2,873025;20/05/2019
paiva;2,813318;17/05/2019
paiva;2,831839;16/05/2019
paiva;2,869131;15/05/2019
paiva;2,883723;14/05/2019
paiva;2,873709;13/05/2019
paiva;2,93977;10/05/2019
paiva;2,944613;09/05/2019
paiva;2,952032;08/05/2019
paiva;2,919682;07/05/2019
paiva;2,930571;06/05/2019
paiva;2,950156;03/05/2019
paiva;2,928543;02/05/2019
paiva;2,944969;01/05/2019
paiva;2,944969;30/04/2019
paiva;2,939433;29/04/2019
paiva;2,932375;26/04/2019
paiva;2,928774;25/04/2019
paiva;2,880907;24/04/2019
paiva;2,895747;23/04/2019
paiva;2,86739;22/04/2019
paiva;2,863182;19/04/2019
paiva;2,863182;18/04/2019
paiva;2,8218;17/04/2019
paiva;2,840772;16/04/2019
paiva;2,824184;15/04/2019
paiva;2,812072;12/04/2019
paiva;2,851072;11/04/2019
paiva;2,88111;10/04/2019
paiva;2,875575;09/04/2019
paiva;2,908174;08/04/2019
paiva;2,921938;05/04/2019
paiva;2,902636;04/04/2019
paiva;2,870357;03/04/2019
paiva;2,892527;02/04/2019
paiva;2,897126;01/04/2019
paiva;2,879054;29/03/2019
paiva;2,844655;28/03/2019
paiva;2,793521;27/03/2019
paiva;2,884318;26/03/2019
paiva;2,842692;25/03/2019
paiva;2,844681;22/03/2019
paiva;2,915639;21/03/2019
paiva;2,938854;20/03/2019
paiva;2,96566;19/03/2019
paiva;2,961069;18/03/2019
paiva;2,94308;15/03/2019
paiva;2,944219;14/03/2019
paiva;2,952755;13/03/2019
paiva;2,93885;12/03/2019
paiva;2,941662;11/03/2019
paiva;2,884783;08/03/2019
paiva;2,844368;07/03/2019
paiva;2,850935;06/03/2019
paiva;2,867786;05/03/2019
paiva;2,867786;04/03/2019
paiva;2,867786;01/03/2019
paiva;2,88982;28/02/2019
paiva;2,915315;27/02/2019
paiva;2,915219;26/02/2019
paiva;2,911094;25/02/2019
paiva;2,915922;22/02/2019
paiva;2,888018;21/02/2019
paiva;2,887673;20/02/2019
paiva;2,917461;19/02/2019
paiva;2,894565;18/02/2019
paiva;2,902839;15/02/2019
paiva;2,912187;14/02/2019
paiva;2,867748;13/02/2019
paiva;2,871819;12/02/2019
paiva;2,848996;11/02/2019
paiva;2,870761;08/02/2019
paiva;2,8556;07/02/2019
paiva;2,873856;06/02/2019
paiva;2,944411;05/02/2019
paiva;2,945768;04/02/2019
paiva;2,931556;01/02/2019
paiva;2,927861;31/01/2019
paiva;2,922924;30/01/2019
paiva;2,891636;29/01/2019
paiva;2,88272;28/01/2019
paiva;2,902377;25/01/2019
paiva;2,901753;24/01/2019
paiva;2,868414;23/01/2019
paiva;2,826403;22/01/2019
paiva;2,850187;21/01/2019
paiva;2,847173;18/01/2019
paiva;2,832935;17/01/2019
paiva;2,801296;16/01/2019
paiva;2,787547;15/01/2019
paiva;2,793352;14/01/2019
paiva;2,775371;11/01/2019
paiva;2,779434;10/01/2019
paiva;2,771398;09/01/2019
paiva;2,725478;08/01/2019
paiva;2,724464;07/01/2019
paiva;2,741061;04/01/2019
paiva;2,74308;03/01/2019
paiva;2,728854;02/01/2019
paiva;2,660952;01/01/2019
paiva;2,660952;31/12/2018
paiva;2,661984;28/12/2018
paiva;2,60426;27/12/2018
paiva;2,588239;26/12/2018
paiva;2,59168;25/12/2018
paiva;2,59168;24/12/2018
paiva;2,595579;21/12/2018
paiva;2,580581;20/12/2018
paiva;2,588588;19/12/2018
paiva;2,602028;18/12/2018
paiva;2,59516;17/12/2018
paiva;2,630384;14/12/2018
paiva;2,637525;13/12/2018
paiva;2,630235;12/12/2018
paiva;2,605514;11/12/2018
paiva;2,589113;10/12/2018
paiva;2,628966;07/12/2018
paiva;2,643417;06/12/2018
paiva;2,641093;05/12/2018
paiva;2,62665;04/12/2018
paiva;2,657919;03/12/2018
paiva;2,6459;30/11/2018
paiva;2,647071;29/11/2018
paiva;2,630018;28/11/2018
paiva;2,598742;27/11/2018
paiva;2,542322;26/11/2018
paiva;2,555044;23/11/2018
paiva;2,575499;22/11/2018
paiva;2,564924;21/11/2018
paiva;2,572915;20/11/2018
paiva;2,578836;19/11/2018
paiva;2,597284;16/11/2018
paiva;2,537788;15/11/2018
paiva;2,537788;14/11/2018
paiva;2,498472;13/11/2018
paiva;2,504402;12/11/2018
paiva;2,515168;09/11/2018
paiva;2,507838;08/11/2018
paiva;2,556224;07/11/2018
paiva;2,583663;06/11/2018
paiva;2,605728;05/11/2018
paiva;2,580165;02/11/2018
paiva;2,580165;01/11/2018
paiva;2,557144;31/10/2018
paiva;2,5377;30/10/2018
paiva;2,46345;29/10/2018
paiva;2,507566;26/10/2018
paiva;2,476089;25/10/2018
paiva;2,45293;24/10/2018
paiva;2,497982;23/10/2018
paiva;2,49195;22/10/2018
paiva;2,456732;19/10/2018
paiva;2,436899;18/10/2018
paiva;2,462888;17/10/2018
paiva;2,444652;16/10/2018
paiva;2,381491;15/10/2018
paiva;2,396746;12/10/2018
paiva;2,396746;11/10/2018
paiva;2,413132;10/10/2018
paiva;2,465206;09/10/2018
paiva;2,459003;08/10/2018
paiva;2,374365;05/10/2018
paiva;2,378993;04/10/2018
paiva;2,385091;03/10/2018
paiva;2,338605;02/10/2018
paiva;2,266394;01/10/2018
paiva;2,310515;28/09/2018
paiva;2,323791;27/09/2018
paiva;2,296765;26/09/2018
paiva;2,298224;25/09/2018
paiva;2,295844;24/09/2018
paiva;2,325111;21/09/2018
paiva;2,290564;20/09/2018
paiva;2,285852;19/09/2018
paiva;2,293136;18/09/2018
paiva;2,262204;17/09/2018
paiva;2,223679;14/09/2018
paiva;2,209618;13/09/2018
paiva;2,223649;12/09/2018
paiva;2,223062;11/09/2018
paiva;2,264046;10/09/2018
paiva;2,266703;07/09/2018
paiva;2,266703;06/09/2018
paiva;2,245546;05/09/2018
paiva;2,239375;04/09/2018
paiva;2,279122;03/09/2018
paiva;2,283798;31/08/2018
paiva;2,277407;30/08/2018
paiva;2,3327;29/08/2018
paiva;2,315625;28/08/2018
paiva;2,323722;27/08/2018
paiva;2,284143;24/08/2018
paiva;2,268269;23/08/2018
paiva;2,311628;22/08/2018
paiva;2,269936;21/08/2018
paiva;2,31212;20/08/2018
paiva;2,303664;17/08/2018
paiva;2,325699;16/08/2018
paiva;2,331276;15/08/2018
paiva;2,367726;14/08/2018
paiva;2,333767;13/08/2018
paiva;2,313443;10/08/2018
paiva;2,373262;09/08/2018
paiva;2,391171;08/08/2018
paiva;2,414373;07/08/2018
paiva;2,431386;06/08/2018
paiva;2,439777;03/08/2018
paiva;2,401588;02/08/2018
paiva;2,398538;01/08/2018
paiva;2,38546;31/07/2018
paiva;2,407931;30/07/2018
paiva;2,406629;27/07/2018
paiva;2,413482;26/07/2018
paiva;2,428818;25/07/2018
paiva;2,410313;24/07/2018
paiva;2,385493;23/07/2018
paiva;2,411968;20/07/2018
paiva;2,381697;19/07/2018
paiva;2,374069;18/07/2018
paiva;2,38815;17/07/2018
paiva;2,351165;16/07/2018
paiva;2,350208;13/07/2018
paiva;2,32446;12/07/2018
paiva;2,293948;11/07/2018
paiva;2,304172;10/07/2018
paiva;2,304504;09/07/2018
paiva;2,302017;06/07/2018
paiva;2,28624;05/07/2018
paiva;2,291071;04/07/2018
paiva;2,268393;03/07/2018
paiva;2,246625;02/07/2018
paiva;2,247983;29/06/2018
paiva;2,231847;28/06/2018
paiva;2,204117;27/06/2018
paiva;2,239754;26/06/2018
paiva;2,227573;25/06/2018
paiva;2,217594;22/06/2018
paiva;2,202085;21/06/2018
paiva;2,242714;20/06/2018
paiva;2,230389;19/06/2018
paiva;2,190662;18/06/2018
paiva;2,211538;15/06/2018
paiva;2,234655;14/06/2018
paiva;2,252716;13/06/2018
paiva;2,26104;12/06/2018
paiva;2,250165;11/06/2018
paiva;2,271342;08/06/2018
paiva;2,264706;07/06/2018
paiva;2,335685;06/06/2018
paiva;2,375454;05/06/2018
paiva;2,424397;04/06/2018
paiva;2,392614;01/06/2018
paiva;2,351498;31/05/2018
paiva;2,351498;30/05/2018
paiva;2,32137;29/05/2018
paiva;2,316973;28/05/2018
paiva;2,39351;25/05/2018
paiva;2,423969;24/05/2018
paiva;2,421038;23/05/2018
paiva;2,465232;22/05/2018
paiva;2,415032;21/05/2018
paiva;2,425169;18/05/2018
paiva;2,440054;17/05/2018
paiva;2,501978;16/05/2018
paiva;2,475168;15/05/2018
paiva;2,488095;14/05/2018
paiva;2,513524;11/05/2018
paiva;2,540822;10/05/2018
paiva;2,514679;09/05/2018
paiva;2,492594;08/05/2018
paiva;2,488443;07/05/2018
paiva;2,496759;04/05/2018
paiva;2,497165;03/05/2018
paiva;2,527644;02/05/2018
paiva;2,562621;01/05/2018
paiva;2,562621;30/04/2018
paiva;2,566143;27/04/2018
paiva;2,565381;26/04/2018
paiva;2,545291;25/04/2018
paiva;2,543762;24/04/2018
paiva;2,550671;23/04/2018
paiva;2,539613;20/04/2018
paiva;2,542054;19/04/2018
paiva;2,542931;18/04/2018
paiva;2,518402;17/04/2018
paiva;2,491089;16/04/2018
paiva;2,523665;13/04/2018
paiva;2,543936;12/04/2018
paiva;2,527722;11/04/2018
paiva;2,521727;10/04/2018
paiva;2,503946;09/04/2018
paiva;2,53555;06/04/2018
paiva;2,540854;05/04/2018
paiva;2,520121;04/04/2018
paiva;2,52755;03/04/2018
paiva;2,534644;02/04/2018
paiva;2,556263;30/03/2018
paiva;2,556263;29/03/2018
paiva;2,52733;28/03/2018
paiva;2,536909;27/03/2018
paiva;2,563608;26/03/2018
paiva;2,551217;23/03/2018
paiva;2,572963;22/03/2018
paiva;2,569047;21/03/2018
paiva;2,554498;20/03/2018
paiva;2,548979;19/03/2018
paiva;2,563334;16/03/2018
paiva;2,565031;15/03/2018
paiva;2,588404;14/03/2018
paiva;2,60043;13/03/2018
paiva;2,60948;12/03/2018
paiva;2,593448;09/03/2018
paiva;2,565532;08/03/2018
paiva;2,570054;07/03/2018
paiva;2,571937;06/03/2018
paiva;2,579191;05/03/2018
paiva;2,566947;02/03/2018
paiva;2,557892;01/03/2018
paiva;2,556125;28/02/2018
paiva;2,578827;27/02/2018
paiva;2,594752;26/02/2018
paiva;2,593465;23/02/2018
paiva;2,582544;22/02/2018
paiva;2,575884;21/02/2018
paiva;2,561155;20/02/2018
paiva;2,542663;19/02/2018
paiva;2,534;16/02/2018
paiva;2,527606;15/02/2018
paiva;2,516727;14/02/2018
paiva;2,468732;13/02/2018
paiva;2,468732;12/02/2018
paiva;2,468732;09/02/2018
paiva;2,487203;08/02/2018
paiva;2,513145;07/02/2018
paiva;2,528077;06/02/2018
paiva;2,506078;05/02/2018
paiva;2,552429;02/02/2018
paiva;2,580132;01/02/2018
paiva;2,559119;31/01/2018
paiva;2,545669;30/01/2018
paiva;2,555418;29/01/2018
paiva;2,566328;26/01/2018
paiva;2,523824;25/01/2018
paiva;2,523449;24/01/2018
paiva;2,457435;23/01/2018
paiva;2,476592;22/01/2018
paiva;2,47465;19/01/2018
paiva;2,465712;18/01/2018
paiva;2,469415;17/01/2018
paiva;2,446864;16/01/2018
paiva;2,448073;15/01/2018
paiva;2,434983;12/01/2018
paiva;2,440321;11/01/2018
paiva;2,417285;10/01/2018
paiva;2,430954;09/01/2018
paiva;2,445905;08/01/2018
paiva;2,446132;05/01/2018
paiva;2,433197;04/01/2018
paiva;2,42974;03/01/2018
paiva;2,427923;02/01/2018
paiva;2,405945;01/01/2018
paiva;2,405945;29/12/2017
paiva;2,406347;28/12/2017
paiva;2,390922;27/12/2017
paiva;2,374475;26/12/2017
paiva;2,361251;25/12/2017
paiva;2,361251;22/12/2017
paiva;2,357823;21/12/2017
paiva;2,327379;20/12/2017
paiva;2,312534;19/12/2017
paiva;2,323374;18/12/2017
paiva;2,317258;15/12/2017
paiva;2,304744;14/12/2017
paiva;2,315125;13/12/2017
paiva;2,326143;12/12/2017
paiva;2,308461;11/12/2017
paiva;2,307693;08/12/2017
paiva;2,304306;07/12/2017
paiva;2,320873;06/12/2017
paiva;2,309323;05/12/2017
paiva;2,317777;04/12/2017
paiva;2,306954;01/12/2017
paiva;2,305059;30/11/2017
paiva;2,324219;29/11/2017
paiva;2,356605;28/11/2017
paiva;2,358993;27/11/2017
paiva;2,364253;24/11/2017
paiva;2,363163;23/11/2017
paiva;2,364352;22/11/2017
paiva;2,361773;21/11/2017
paiva;2,336709;20/11/2017
paiva;2,335137;17/11/2017
paiva;2,306663;16/11/2017
paiva;2,261719;15/11/2017
paiva;2,261719;14/11/2017
paiva;2,285325;13/11/2017
paiva;2,278707;10/11/2017
paiva;2,301683;09/11/2017
paiva;2,334369;08/11/2017
paiva;2,295806;07/11/2017
paiva;2,337093;06/11/2017
paiva;2,336839;03/11/2017
paiva;2,346959;02/11/2017
paiva;2,346959;01/11/2017
paiva;2,352519;31/10/2017
paiva;2,362529;30/10/2017
paiva;2,395025;27/10/2017
paiva;2,390209;26/10/2017
paiva;2,409304;25/10/2017
paiva;2,401179;24/10/2017
paiva;2,383044;23/10/2017
paiva;2,410236;20/10/2017
paiva;2,406352;19/10/2017
paiva;2,415816;18/10/2017
paiva;2,392563;17/10/2017
paiva;2,409298;16/10/2017
paiva;2,426043;13/10/2017
paiva;2,428779;12/10/2017
paiva;2,428779;11/10/2017
paiva;2,433034;10/10/2017
paiva;2,407159;09/10/2017
paiva;2,41189;06/10/2017
paiva;2,420523;05/10/2017
paiva;2,421087;04/10/2017
paiva;2,419819;03/10/2017
paiva;2,377757;02/10/2017
paiva;2,378285;29/09/2017
paiva;2,355715;28/09/2017
paiva;2,357216;27/09/2017
paiva;2,377884;26/09/2017
paiva;2,380774;25/09/2017
paiva;2,412463;22/09/2017
paiva;2,414852;21/09/2017
paiva;2,426191;20/09/2017
paiva;2,425304;19/09/2017
paiva;2,424584;18/09/2017
paiva;2,417319;15/09/2017
paiva;2,393597;14/09/2017
paiva;2,383281;13/09/2017
paiva;2,37784;12/09/2017
paiva;2,374421;11/09/2017
paiva;2,354435;08/09/2017
paiva;2,346243;07/09/2017
paiva;2,346243;06/09/2017
paiva;2,315181;05/09/2017
paiva;2,306917;04/09/2017
paiva;2,298857;01/09/2017
paiva;2,283103;31/08/2017
paiva;2,283232;30/08/2017
paiva;2,283634;29/08/2017
paiva;2,277372;28/08/2017
paiva;2,278173;25/08/2017
paiva;2,273513;24/08/2017
paiva;2,260063;23/08/2017
paiva;2,251881;22/08/2017
paiva;2,218253;21/08/2017
paiva;2,216506;18/08/2017
paiva;2,203944;17/08/2017
paiva;2,213285;16/08/2017
paiva;2,211698;15/08/2017
paiva;2,206472;14/08/2017
paiva;2,188153;11/08/2017
paiva;2,175344;10/08/2017
paiva;2,190541;09/08/2017
paiva;2,195543;08/08/2017
paiva;2,201027;07/08/2017
paiva;2,183551;04/08/2017
paiva;2,190634;03/08/2017
paiva;2,195074;02/08/2017
paiva;2,17916;01/08/2017
paiva;2,168945;31/07/2017
paiva;2,165621;28/07/2017
paiva;2,166296;27/07/2017
paiva;2,154855;26/07/2017
paiva;2,166616;25/07/2017
paiva;2,162353;24/07/2017
paiva;2,153279;21/07/2017
paiva;2,15284;20/07/2017
paiva;2,151109;19/07/2017
paiva;2,15792;18/07/2017
paiva;2,156058;17/07/2017
paiva;2,158029;14/07/2017
paiva;2,154592;13/07/2017
paiva;2,138596;12/07/2017
paiva;2,109496;11/07/2017
paiva;2,094296;10/07/2017
paiva;2,083775;07/07/2017
paiva;2,082517;06/07/2017
paiva;2,096412;05/07/2017
paiva;2,093597;04/07/2017
paiva;2,092186;03/07/2017
paiva;2,084339;30/06/2017
paiva;2,062245;29/06/2017
paiva;2,058709;28/06/2017
paiva;2,055635;27/06/2017
paiva;2,067577;26/06/2017
paiva;2,044895;23/06/2017
paiva;2,04665;22/06/2017
paiva;2,039534;21/06/2017
paiva;2,046576;20/06/2017
paiva;2,077349;19/06/2017
paiva;2,069922;16/06/2017
paiva;2,067899;15/06/2017
paiva;2,067899;14/06/2017
paiva;2,063045;13/06/2017
paiva;2,055127;12/06/2017
paiva;2,071019;09/06/2017
paiva;2,075555;08/06/2017
paiva;2,08764;07/06/2017
paiva;2,076775;06/06/2017
paiva;2,063118;05/06/2017
paiva;2,064642;02/06/2017
paiva;2,058869;01/06/2017
paiva;2,064116;31/05/2017
paiva;2,088988;30/05/2017
paiva;2,090292;29/05/2017
paiva;2,094896;26/05/2017
paiva;2,07132;25/05/2017
paiva;2,077597;24/05/2017
paiva;2,047313;23/05/2017
paiva;2,019803;22/05/2017
paiva;2,058023;19/05/2017
paiva;2,030699;18/05/2017
paiva;2,185307;17/05/2017
paiva;2,208761;16/05/2017
paiva;2,190576;15/05/2017
paiva;2,189766;12/05/2017
paiva;2,177501;11/05/2017
paiva;2,169546;10/05/2017
paiva;2,148998;09/05/2017
paiva;2,131467;08/05/2017
paiva;2,130799;05/05/2017
paiva;2,110256;04/05/2017
paiva;2,133316;03/05/2017
paiva;2,135357;02/05/2017
paiva;2,104968;01/05/2017
paiva;2,104968;28/04/2017
paiva;2,08002;27/04/2017
paiva;2,084006;26/04/2017
paiva;2,088369;25/04/2017
paiva;2,073555;24/04/2017
paiva;2,070339;21/04/2017
paiva;2,070339;20/04/2017
paiva;2,066474;19/04/2017
paiva;2,086377;18/04/2017
paiva;2,086134;17/04/2017
paiva;2,05161;14/04/2017
paiva;2,05161;13/04/2017
paiva;2,06731;12/04/2017
paiva;2,068614;11/04/2017
paiva;2,070917;10/04/2017
paiva;2,068356;07/04/2017
paiva;2,060372;06/04/2017
paiva;2,068638;05/04/2017
paiva;2,079571;04/04/2017
paiva;2,07151;03/04/2017
paiva;2,067265;31/03/2017
paiva;2,064641;30/03/2017
paiva;2,063479;29/03/2017
paiva;2,042977;28/03/2017
paiva;2,033321;27/03/2017
paiva;2,032497;24/03/2017
paiva;2,025069;23/03/2017
paiva;2,022532;22/03/2017
paiva;2,0124;21/03/2017
paiva;2,042137;20/03/2017
paiva;2,037242;17/03/2017
paiva;2,061686;16/03/2017
paiva;2,07043;15/03/2017
paiva;2,041407;14/03/2017
paiva;2,057365;13/03/2017
paiva;2,042605;10/03/2017
paiva;2,029377;09/03/2017
paiva;2,04506;08/03/2017
paiva;2,067727;07/03/2017
paiva;2,07923;06/03/2017
paiva;2,072908;03/03/2017
paiva;2,055723;02/03/2017
paiva;2,073194;01/03/2017
paiva;2,063904;28/02/2017
paiva;2,063904;27/02/2017
paiva;2,063904;24/02/2017
paiva;2,082977;23/02/2017
paiva;2,099202;22/02/2017
paiva;2,107837;21/02/2017
paiva;2,086769;20/02/2017
paiva;2,072622;17/02/2017
paiva;2,071583;16/02/2017
paiva;2,07248;15/02/2017
paiva;2,041637;14/02/2017
paiva;2,043417;13/02/2017
paiva;2,036051;10/02/2017
paiva;2,02037;09/02/2017
paiva;2,017073;08/02/2017
paiva;2,005384;07/02/2017
paiva;2,00284;06/02/2017
paiva;2,019346;03/02/2017
paiva;2,002377;02/02/2017
paiva;2,00029;01/02/2017
paiva;1,997462;31/01/2017
paiva;1,985207;30/01/2017
paiva;2,011313;27/01/2017
paiva;2,014985;26/01/2017
paiva;2,002851;25/01/2017
paiva;2,00054;24/01/2017
paiva;1,996607;23/01/2017
paiva;1,98076;20/01/2017
paiva;1,966408;19/01/2017
paiva;1,970098;18/01/2017
paiva;1,983481;17/01/2017
paiva;1,97078;16/01/2017
paiva;1,97314;13/01/2017
paiva;1,973146;12/01/2017
paiva;1,932541;11/01/2017
paiva;1,931763;10/01/2017
paiva;1,934177;09/01/2017
paiva;1,930012;06/01/2017
paiva;1,936322;05/01/2017
paiva;1,930011;04/01/2017
paiva;1,922711;03/01/2017
paiva;1,880437;02/01/2017
paiva;1,887669;30/12/2016
paiva;1,887455;29/12/2016
paiva;1,875952;28/12/2016
paiva;1,85401;27/12/2016
paiva;1,848369;26/12/2016
paiva;1,836729;23/12/2016
paiva;1,822536;22/12/2016
paiva;1,819989;21/12/2016
paiva;1,816101;20/12/2016
paiva;1,817183;19/12/2016
paiva;1,832365;16/12/2016
paiva;1,817785;15/12/2016
paiva;1,821857;14/12/2016
paiva;1,847062;13/12/2016
paiva;1,833644;12/12/2016
paiva;1,865811;09/12/2016
paiva;1,869689;08/12/2016
paiva;1,878241;07/12/2016
paiva;1,867275;06/12/2016
paiva;1,84577;05/12/2016
paiva;1,854857;02/12/2016
paiva;1,843738;01/12/2016
paiva;1,898013;30/11/2016
paiva;1,88275;29/11/2016
paiva;1,910979;28/11/2016
paiva;1,895128;25/11/2016
paiva;1,893964;24/11/2016
paiva;1,897831;23/11/2016
paiva;1,903874;22/11/2016
paiva;1,893057;21/11/2016
paiva;1,876974;18/11/2016
paiva;1,878557;17/11/2016
paiva;1,896947;16/11/2016
paiva;1,877781;15/11/2016
paiva;1,877781;14/11/2016
paiva;1,876976;11/11/2016
paiva;1,915018;10/11/2016
paiva;1,976084;09/11/2016
paiva;2,002625;08/11/2016
paiva;2,001348;07/11/2016
paiva;1,95832;04/11/2016
paiva;1,963124;03/11/2016
paiva;1,987906;02/11/2016
paiva;1,987906;01/11/2016
paiva;2,021327;31/10/2016
paiva;2,005799;28/10/2016
paiva;2,001356;27/10/2016
paiva;1,99261;26/10/2016
paiva;1,992759;25/10/2016
paiva;2,00341;24/10/2016
paiva;2,00593;21/10/2016
paiva;2,007286;20/10/2016
paiva;2,000626;19/10/2016
paiva;1,999715;18/10/2016
paiva;1,978547;17/10/2016
paiva;1,965924;14/10/2016
paiva;1,959715;13/10/2016
paiva;1,957165;12/10/2016
paiva;1,957165;11/10/2016
paiva;1,970414;10/10/2016
paiva;1,959214;07/10/2016
paiva;1,953827;06/10/2016
paiva;1,946337;05/10/2016
paiva;1,932914;04/10/2016
paiva;1,937538;03/10/2016
paiva;1,912323;30/09/2016
paiva;1,91438;29/09/2016
paiva;1,934442;28/09/2016
paiva;1,917223;27/09/2016
paiva;1,907327;26/09/2016
paiva;1,922814;23/09/2016
paiva;1,935171;22/09/2016
paiva;1,916487;21/09/2016
paiva;1,909821;20/09/2016
paiva;1,902261;19/09/2016
paiva;1,897431;16/09/2016
paiva;1,911706;15/09/2016
paiva;1,893518;14/09/2016
paiva;1,889672;13/09/2016
paiva;1,916099;12/09/2016
paiva;1,910079;09/09/2016
paiva;1,951139;08/09/2016
paiva;1,954704;07/09/2016
paiva;1,954704;06/09/2016
paiva;1,939786;05/09/2016
paiva;1,938964;02/09/2016
paiva;1,915769;01/09/2016
paiva;1,912388;31/08/2016
paiva;1,921114;30/08/2016
paiva;1,917589;29/08/2016
paiva;1,901279;26/08/2016
paiva;1,901689;25/08/2016
paiva;1,900634;24/08/2016
paiva;1,9025;23/08/2016
paiva;1,904032;22/08/2016
paiva;1,925262;19/08/2016
paiva;1,93088;18/08/2016
paiva;1,934725;17/08/2016
paiva;1,926558;16/08/2016
paiva;1,936617;15/08/2016
paiva;1,930816;12/08/2016
paiva;1,936553;11/08/2016
paiva;1,912388;10/08/2016
paiva;1,921642;09/08/2016
paiva;1,92006;08/08/2016
paiva;1,927771;05/08/2016
paiva;1,923777;04/08/2016
paiva;1,906033;03/08/2016
paiva;1,897082;02/08/2016
paiva;1,917325;01/08/2016
paiva;1,921375;29/07/2016
paiva;1,907471;28/07/2016
paiva;1,904516;27/07/2016
paiva;1,903712;26/07/2016
paiva;1,908338;25/07/2016
paiva;1,910504;22/07/2016
paiva;1,895332;21/07/2016
paiva;1,898965;20/07/2016
paiva;1,910096;19/07/2016
paiva;1,903245;18/07/2016
paiva;1,885934;15/07/2016
paiva;1,882891;14/07/2016
paiva;1,86269;13/07/2016
paiva;1,850067;12/07/2016
paiva;1,846585;11/07/2016
paiva;1,829329;08/07/2016
paiva;1,806363;07/07/2016
paiva;1,796766;06/07/2016
paiva;1,802447;05/07/2016
paiva;1,812994;04/07/2016
paiva;1,806328;01/07/2016
paiva;1,798676;30/06/2016
paiva;1,780944;29/06/2016
paiva;1,760986;28/06/2016
paiva;1,747563;27/06/2016
paiva;1,768398;24/06/2016
paiva;1,796484;23/06/2016
paiva;1,77138;22/06/2016
paiva;1,782314;21/06/2016
paiva;1,769354;20/06/2016
paiva;1,750817;17/06/2016
paiva;1,752378;16/06/2016
paiva;1,741384;15/06/2016
paiva;1,735907;14/06/2016
paiva;1,751341;13/06/2016
paiva;1,749066;10/06/2016
paiva;1,782358;09/06/2016
paiva;1,786852;08/06/2016
paiva;1,767637;07/06/2016
paiva;1,764723;06/06/2016
paiva;1,770959;03/06/2016
paiva;1,756685;02/06/2016
paiva;1,743395;01/06/2016
paiva;1,735737;31/05/2016
paiva;1,735448;30/05/2016
paiva;1,738341;27/05/2016
paiva;1,741603;26/05/2016
paiva;1,741603;25/05/2016
paiva;1,743876;24/05/2016
paiva;1,740893;23/05/2016
paiva;1,748111;20/05/2016
paiva;1,753195;19/05/2016
paiva;1,756323;18/05/2016
paiva;1,763599;17/05/2016
paiva;1,789899;16/05/2016
paiva;1,792351;13/05/2016
paiva;1,810586;12/05/2016
paiva;1,784891;11/05/2016
paiva;1,784392;10/05/2016
paiva;1,746937;09/05/2016
paiva;1,746978;06/05/2016
paiva;1,747851;05/05/2016
paiva;1,760549;04/05/2016
paiva;1,754438;03/05/2016
paiva;1,766699;02/05/2016
paiva;1,766978;29/04/2016
paiva;1,77521;28/04/2016
paiva;1,775146;27/04/2016
paiva;1,745727;26/04/2016
paiva;1,7272;25/04/2016
paiva;1,742715;22/04/2016
paiva;1,752043;21/04/2016
paiva;1,752043;20/04/2016
paiva;1,760254;19/04/2016
paiva;1,744291;18/04/2016
paiva;1,744749;15/04/2016
paiva;1,731884;14/04/2016
paiva;1,739329;13/04/2016
paiva;1,714393;12/04/2016
paiva;1,687493;11/04/2016
paiva;1,701309;08/04/2016
paiva;1,666347;07/04/2016
paiva;1,655139;06/04/2016
paiva;1,674436;05/04/2016
paiva;1,671555;04/04/2016
paiva;1,697067;01/04/2016
paiva;1,688387;31/03/2016
paiva;1,710268;30/03/2016
paiva;1,705921;29/03/2016
paiva;1,698158;28/03/2016
paiva;1,67842;25/03/2016
paiva;1,67842;24/03/2016
paiva;1,682976;23/03/2016
paiva;1,698774;22/03/2016
paiva;1,700617;21/03/2016
paiva;1,696175;18/03/2016
paiva;1,694933;17/03/2016
paiva;1,646662;16/03/2016
paiva;1,636752;15/03/2016
paiva;1,65799;14/03/2016
paiva;1,670564;11/03/2016
paiva;1,673321;10/03/2016
paiva;1,653366;09/03/2016
paiva;1,657175;08/03/2016
paiva;1,649618;07/03/2016
paiva;1,651567;04/03/2016
paiva;1,624361;03/03/2016
paiva;1,593893;02/03/2016
paiva;1,586498;01/03/2016
paiva;1,568856;29/02/2016
paiva;1,549816;26/02/2016
paiva;1,551306;25/02/2016
paiva;1,544843;24/02/2016
paiva;1,551965;23/02/2016
paiva;1,56217;22/02/2016
paiva;1,545052;19/02/2016
paiva;1,539825;18/02/2016
paiva;1,536951;17/02/2016
paiva;1,526674;16/02/2016
paiva;1,508408;15/02/2016
paiva;1,497905;12/02/2016
paiva;1,489439;11/02/2016
paiva;1,514696;10/02/2016
paiva;1,525537;09/02/2016
paiva;1,525537;08/02/2016
paiva;1,525537;05/02/2016
paiva;1,531363;04/02/2016
paiva;1,519039;03/02/2016
paiva;1,506037;02/02/2016
paiva;1,540159;01/02/2016
paiva;1,536157;29/01/2016
paiva;1,501673;28/01/2016
paiva;1,493098;27/01/2016
paiva;1,478465;26/01/2016
paiva;1,489324;25/01/2016
paiva;1,489919;22/01/2016
paiva;1,479165;21/01/2016
paiva;1,471106;20/01/2016
paiva;1,478102;19/01/2016
paiva;1,475368;18/01/2016
paiva;1,486125;15/01/2016
paiva;1,4976;14/01/2016
paiva;1,498172;13/01/2016
paiva;1,505708;12/01/2016
paiva;1,506694;11/01/2016
paiva;1,518194;08/01/2016
paiva;1,516566;07/01/2016
paiva;1,535952;06/01/2016
paiva;1,541108;05/01/2016
paiva;1,524208;04/01/2016
paiva;1,556649;01/01/2016
paiva;1,556649;31/12/2015
paiva;1,55754;30/12/2015
paiva;1,556893;29/12/2015
paiva;1,55532;28/12/2015
paiva;1,5608;25/12/2015
paiva;1,5608;24/12/2015
paiva;1,561006;23/12/2015
paiva;1,55075;22/12/2015
paiva;1,552426;21/12/2015
paiva;1,558236;18/12/2015
paiva;1,585217;17/12/2015
paiva;1,577077;16/12/2015
paiva;1,574012;15/12/2015
paiva;1,57636;14/12/2015
paiva;1,590267;11/12/2015
paiva;1,59206;10/12/2015
paiva;1,599983;09/12/2015
paiva;1,573744;08/12/2015
paiva;1,584795;07/12/2015
paiva;1,580415;04/12/2015
paiva;1,596209;03/12/2015
paiva;1,573028;02/12/2015
paiva;1,576616;01/12/2015
paiva;1,574536;30/11/2015
paiva;1,586141;27/11/2015
paiva;1,607055;26/11/2015
paiva;1,6034;25/11/2015
paiva;1,623286;24/11/2015
paiva;1,627858;23/11/2015
paiva;1,627678;20/11/2015
paiva;1,627186;19/11/2015
paiva;1,619082;18/11/2015
paiva;1,61626;17/11/2015
paiva;1,608231;16/11/2015
paiva;1,608093;13/11/2015
paiva;1,612355;12/11/2015
paiva;1,611672;11/11/2015
paiva;1,596265;10/11/2015
paiva;1,594856;09/11/2015
paiva;1,609411;06/11/2015
paiva;1,627204;05/11/2015
paiva;1,616855;04/11/2015
paiva;1,610146;03/11/2015
paiva;1,581721;02/11/2015
paiva;1,581721;30/10/2015
paiva;1,579999;29/10/2015
paiva;1,596937;28/10/2015
paiva;1,605917;27/10/2015
paiva;1,603722;26/10/2015
paiva;1,609199;23/10/2015
paiva;1,612279;22/10/2015
paiva;1,600125;21/10/2015
paiva;1,602689;20/10/2015
paiva;1,60992;19/10/2015
paiva;1,600163;16/10/2015
paiva;1,595343;15/10/2015
paiva;1,583069;14/10/2015
paiva;1,596734;13/10/2015
paiva;1,617157;12/10/2015
paiva;1,617157;09/10/2015
paiva;1,614231;08/10/2015
paiva;1,608868;07/10/2015
paiva;1,594124;06/10/2015
paiva;1,588193;05/10/2015
paiva;1,580593;02/10/2015
paiva;1,553924;01/10/2015
paiva;1,548677;30/09/2015
paiva;1,535869;29/09/2015
paiva;1,526091;28/09/2015
paiva;1,542946;25/09/2015
paiva;1,548357;24/09/2015
paiva;1,552022;23/09/2015
paiva;1,566097;22/09/2015
paiva;1,572006;21/09/2015
paiva;1,578897;18/09/2015
paiva;1,604731;17/09/2015
paiva;1,603359;16/09/2015
paiva;1,581974;15/09/2015
paiva;1,583025;14/09/2015
paiva;1,561557;11/09/2015
paiva;1,551904;10/09/2015
paiva;1,558405;09/09/2015
paiva;1,553367;08/09/2015
paiva;1,553351;07/09/2015
paiva;1,553351;04/09/2015
paiva;1,569848;03/09/2015
paiva;1,553991;02/09/2015
paiva;1,552681;01/09/2015
paiva;1,57555;31/08/2015
paiva;1,592393;28/08/2015
paiva;1,60298;27/08/2015
paiva;1,581549;26/08/2015
paiva;1,558228;25/08/2015
paiva;1,54851;24/08/2015
paiva;1,571905;21/08/2015
paiva;1,584902;20/08/2015
paiva;1,592713;19/08/2015
paiva;1,602248;18/08/2015
paiva;1,599335;17/08/2015
paiva;1,596222;14/08/2015
paiva;1,599154;13/08/2015
paiva;1,596969;12/08/2015
paiva;1,606258;11/08/2015
paiva;1,607881;10/08/2015
paiva;1,603584;07/08/2015
paiva;1,623379;06/08/2015
paiva;1,636444;05/08/2015
paiva;1,634216;04/08/2015
paiva;1,638653;03/08/2015
paiva;1,644222;31/07/2015
paiva;1,629475;30/07/2015
paiva;1,629398;29/07/2015
paiva;1,622828;28/07/2015
paiva;1,612373;27/07/2015
paiva;1,620037;24/07/2015
paiva;1,624472;23/07/2015
paiva;1,644607;22/07/2015
paiva;1,649791;21/07/2015
paiva;1,654679;20/07/2015
paiva;1,658361;17/07/2015
paiva;1,663423;16/07/2015
paiva;1,661594;15/07/2015
paiva;1,6605;14/07/2015
paiva;1,657247;13/07/2015
paiva;1,658886;10/07/2015
paiva;1,646008;09/07/2015
paiva;1,644754;08/07/2015
paiva;1,648078;07/07/2015
paiva;1,64725;06/07/2015
paiva;1,651736;03/07/2015
paiva;1,652183;02/07/2015
paiva;1,651732;01/07/2015
paiva;1,640199;30/06/2015
paiva;1,637845;29/06/2015
paiva;1,6503;26/06/2015
paiva;1,642102;25/06/2015
paiva;1,646747;24/06/2015
paiva;1,649227;23/06/2015
paiva;1,648758;22/06/2015
paiva;1,643547;19/06/2015
paiva;1,643423;18/06/2015
paiva;1,633924;17/06/2015
paiva;1,639926;16/06/2015
paiva;1,636771;15/06/2015
paiva;1,638096;12/06/2015
paiva;1,641215;11/06/2015
paiva;1,647904;10/06/2015
paiva;1,635547;09/06/2015
paiva;1,639612;08/06/2015
paiva;1,638199;05/06/2015
paiva;1,64606;04/06/2015
paiva;1,64606;03/06/2015
paiva;1,650277;02/06/2015
paiva;1,637891;01/06/2015
paiva;1,631408;29/05/2015
paiva;1,647831;28/05/2015
paiva;1,648605;27/05/2015
paiva;1,640872;26/05/2015
paiva;1,650846;25/05/2015
paiva;1,650768;22/05/2015
paiva;1,652269;21/05/2015
paiva;1,647564;20/05/2015
paiva;1,651827;19/05/2015
paiva;1,661161;18/05/2015
paiva;1,670361;15/05/2015
paiva;1,663238;14/05/2015
paiva;1,658451;13/05/2015
paiva;1,659802;12/05/2015
paiva;1,663463;11/05/2015
paiva;1,664683;08/05/2015
paiva;1,653907;07/05/2015
paiva;1,652086;06/05/2015
paiva;1,659713;05/05/2015
paiva;1,664361;04/05/2015
paiva;1,647652;01/05/2015
paiva;1,647652;30/04/2015
paiva;1,633228;29/04/2015
paiva;1,634825;28/04/2015
paiva;1,636004;27/04/2015
paiva;1,650244;24/04/2015
paiva;1,643855;23/04/2015
paiva;1,63249;22/04/2015
paiva;1,627275;21/04/2015
paiva;1,627275;20/04/2015
paiva;1,632379;17/04/2015
paiva;1,637119;16/04/2015
paiva;1,642854;15/04/2015
paiva;1,635911;14/04/2015
paiva;1,643007;13/04/2015
paiva;1,64134;10/04/2015
paiva;1,63403;09/04/2015
paiva;1,638386;08/04/2015
paiva;1,641507;07/04/2015
paiva;1,645553;06/04/2015
paiva;1,635164;03/04/2015
paiva;1,635164;02/04/2015
paiva;1,628192;01/04/2015
paiva;1,612234;31/03/2015
paiva;1,614015;30/03/2015
paiva;1,594445;27/03/2015
paiva;1,597317;26/03/2015
paiva;1,612464;25/03/2015
paiva;1,605071;24/03/2015
paiva;1,60666;23/03/2015
paiva;1,610335;20/03/2015
paiva;1,603363;19/03/2015
paiva;1,605281;18/03/2015
paiva;1,5845;17/03/2015
paiva;1,565814;16/03/2015
paiva;1,561937;13/03/2015
paiva;1,560997;12/03/2015
paiva;1,553696;11/03/2015
paiva;1,540983;10/03/2015
paiva;1,552686;09/03/2015
paiva;1,563507;06/03/2015
paiva;1,567898;05/03/2015
paiva;1,564498;04/03/2015
paiva;1,566993;03/03/2015
paiva;1,563155;02/03/2015
paiva;1,568469;27/02/2015
paiva;1,574273;26/02/2015
paiva;1,569311;25/02/2015
paiva;1,561743;24/02/2015
paiva;1,554187;23/02/2015
paiva;1,554676;20/02/2015
paiva;1,553182;19/02/2015
paiva;1,550703;18/02/2015
paiva;1,538685;17/02/2015
paiva;1,538685;16/02/2015
paiva;1,538685;13/02/2015
paiva;1,522309;12/02/2015
paiva;1,511362;11/02/2015
paiva;1,514013;10/02/2015
paiva;1,516887;09/02/2015
paiva;1,512872;06/02/2015
paiva;1,516959;05/02/2015
paiva;1,513616;04/02/2015
paiva;1,507972;03/02/2015
paiva;1,494828;02/02/2015
paiva;1,484703;30/01/2015
paiva;1,491371;29/01/2015
paiva;1,482706;28/01/2015
paiva;1,490474;27/01/2015
paiva;1,491103;26/01/2015
paiva;1,49777;23/01/2015
paiva;1,500208;22/01/2015
paiva;1,50105;21/01/2015
paiva;1,482416;20/01/2015
paiva;1,479041;19/01/2015
paiva;1,496332;16/01/2015
paiva;1,483167;15/01/2015
paiva;1,479271;14/01/2015
paiva;1,481091;13/01/2015
paiva;1,484509;12/01/2015
paiva;1,491742;09/01/2015
paiva;1,513008;08/01/2015
paiva;1,50873;07/01/2015
paiva;1,496683;06/01/2015
paiva;1,491761;05/01/2015
paiva;1,507367;02/01/2015
paiva;1,526001;01/01/2015
paiva;1,526001;31/12/2014
ibov;120701;12/08/2021
ibov;122056,3;11/08/2021
ibov;122202,5;10/08/2021
ibov;123019,4;09/08/2021
ibov;122810,4;06/08/2021
ibov;121632,9;05/08/2021
ibov;121801,2;04/08/2021
ibov;123576,6;03/08/2021
ibov;122515,7;02/08/2021
ibov;121800,8;30/07/2021
ibov;125675,3;29/07/2021
ibov;126285,6;28/07/2021
ibov;124612;27/07/2021
ibov;126003,9;26/07/2021
ibov;125052,8;23/07/2021
ibov;126146,7;22/07/2021
ibov;125929,3;21/07/2021
ibov;125401,4;20/07/2021
ibov;124394,6;19/07/2021
ibov;125960,3;16/07/2021
ibov;127467,9;15/07/2021
ibov;128406,5;14/07/2021
ibov;128167,7;13/07/2021
ibov;127593,8;12/07/2021
ibov;125427,8;09/07/2021
ibov;125427,8;08/07/2021
ibov;127018,7;07/07/2021
ibov;125094,9;06/07/2021
ibov;126920,1;05/07/2021
ibov;127621,7;02/07/2021
ibov;125666,2;01/07/2021
ibov;126801,7;30/06/2021
ibov;127327,4;29/06/2021
ibov;127429,2;28/06/2021
ibov;127255,6;25/06/2021
ibov;129513,6;24/06/2021
ibov;128428;23/06/2021
ibov;128767,5;22/06/2021
ibov;129265;21/06/2021
ibov;128405,4;18/06/2021
ibov;128057,2;17/06/2021
ibov;129259,5;16/06/2021
ibov;130091,1;15/06/2021
ibov;130208;14/06/2021
ibov;129441;11/06/2021
ibov;130076,2;10/06/2021
ibov;129906,8;09/06/2021
ibov;129787,1;08/06/2021
ibov;130776,3;07/06/2021
ibov;130125,8;04/06/2021
ibov;129601,4;03/06/2021
ibov;129601,4;02/06/2021
ibov;128267,1;01/06/2021
ibov;126215,7;31/05/2021
ibov;125561,4;28/05/2021
ibov;124366,6;27/05/2021
ibov;123989,2;26/05/2021
ibov;122987,7;25/05/2021
ibov;124031,6;24/05/2021
ibov;122592,5;21/05/2021
ibov;122700,8;20/05/2021
ibov;122636,3;19/05/2021
ibov;122980;18/05/2021
ibov;122937,9;17/05/2021
ibov;121880,8;14/05/2021
ibov;120705,9;13/05/2021
ibov;119710;12/05/2021
ibov;122964;11/05/2021
ibov;121909;10/05/2021
ibov;122038,1;07/05/2021
ibov;119920,6;06/05/2021
ibov;119564,4;05/05/2021
ibov;117712;04/05/2021
ibov;119209,5;03/05/2021
ibov;118893,8;30/04/2021
ibov;120065,8;29/04/2021
ibov;121052,5;28/04/2021
ibov;119388,4;27/04/2021
ibov;120594,6;26/04/2021
ibov;120530,1;23/04/2021
ibov;119371,5;22/04/2021
ibov;120062;21/04/2021
ibov;120062;20/04/2021
ibov;120933,8;19/04/2021
ibov;121113,9;16/04/2021
ibov;120700,7;15/04/2021
ibov;120294,7;14/04/2021
ibov;119297,1;13/04/2021
ibov;118811,7;12/04/2021
ibov;117669,9;09/04/2021
ibov;118313,2;08/04/2021
ibov;117623,6;07/04/2021
ibov;117498,9;06/04/2021
ibov;117518,4;05/04/2021
ibov;115253,3;02/04/2021
ibov;115253,3;01/04/2021
ibov;116633,7;31/03/2021
ibov;116849,7;30/03/2021
ibov;115418,7;29/03/2021
ibov;114780,6;26/03/2021
ibov;113749,9;25/03/2021
ibov;112064,2;24/03/2021
ibov;113261,8;23/03/2021
ibov;114978,9;22/03/2021
ibov;116221,6;19/03/2021
ibov;114835,4;18/03/2021
ibov;116549,4;17/03/2021
ibov;114018,8;16/03/2021
ibov;114850,7;15/03/2021
ibov;114160,4;12/03/2021
ibov;114983,8;11/03/2021
ibov;112776,5;10/03/2021
ibov;111330,6;09/03/2021
ibov;110611,6;08/03/2021
ibov;115202,2;05/03/2021
ibov;112690,2;04/03/2021
ibov;111184;03/03/2021
ibov;111539,8;02/03/2021
ibov;110334,8;01/03/2021
ibov;110035,2;26/02/2021
ibov;112256,4;25/02/2021
ibov;115667,8;24/02/2021
ibov;115227,5;23/02/2021
ibov;112667,7;22/02/2021
ibov;118430,5;19/02/2021
ibov;119199;18/02/2021
ibov;120355,8;17/02/2021
ibov;119428,7;16/02/2021
ibov;119428,7;15/02/2021
ibov;119428,7;12/02/2021
ibov;119299,8;11/02/2021
ibov;118435,3;10/02/2021
ibov;119471,6;09/02/2021
ibov;119696,4;08/02/2021
ibov;120240,3;05/02/2021
ibov;119260,8;04/02/2021
ibov;119724,7;03/02/2021
ibov;118233,8;02/02/2021
ibov;117517,6;01/02/2021
ibov;115067,6;29/01/2021
ibov;118883,3;28/01/2021
ibov;115882,3;27/01/2021
ibov;116464,1;26/01/2021
ibov;117380,5;25/01/2021
ibov;117380,5;22/01/2021
ibov;118329;21/01/2021
ibov;119646,4;20/01/2021
ibov;120636,4;19/01/2021
ibov;121241,6;18/01/2021
ibov;120348,8;15/01/2021
ibov;123480,5;14/01/2021
ibov;121933,1;13/01/2021
ibov;123998;12/01/2021
ibov;123255,1;11/01/2021
ibov;125076,6;08/01/2021
ibov;122385,9;07/01/2021
ibov;119100,1;06/01/2021
ibov;119376,2;05/01/2021
ibov;118854,7;04/01/2021
ibov;119017,2;01/01/2021
ibov;119017,2;31/12/2020
ibov;119017,2;30/12/2020
ibov;119409,2;29/12/2020
ibov;119123,7;28/12/2020
ibov;117806,9;25/12/2020
ibov;117806,9;24/12/2020
ibov;117806,9;23/12/2020
ibov;116636,2;22/12/2020
ibov;115822,6;21/12/2020
ibov;118023,7;18/12/2020
ibov;118400,6;17/12/2020
ibov;117857,4;16/12/2020
ibov;116148,6;15/12/2020
ibov;114611,1;14/12/2020
ibov;115128;11/12/2020
ibov;115128,6;10/12/2020
ibov;113001,2;09/12/2020
ibov;113793,1;08/12/2020
ibov;113589,8;07/12/2020
ibov;113750,2;04/12/2020
ibov;112291,6;03/12/2020
ibov;111878,5;02/12/2020
ibov;111399,9;01/12/2020
ibov;108893,3;30/11/2020
ibov;110575,5;27/11/2020
ibov;110227,1;26/11/2020
ibov;110132,5;25/11/2020
ibov;109786,3;24/11/2020
ibov;107378,9;23/11/2020
ibov;106042,5;20/11/2020
ibov;106669,9;19/11/2020
ibov;106119,1;18/11/2020
ibov;107248,6;17/11/2020
ibov;106429,9;16/11/2020
ibov;104723;13/11/2020
ibov;102507;12/11/2020
ibov;104808,8;11/11/2020
ibov;105067;10/11/2020
ibov;103515,2;09/11/2020
ibov;100925,1;06/11/2020
ibov;100751,4;05/11/2020
ibov;97866,8;04/11/2020
ibov;95979,7;03/11/2020
ibov;93952,4;02/11/2020
ibov;93952,4;30/10/2020
ibov;96582,2;29/10/2020
ibov;95368,8;28/10/2020
ibov;99605,5;27/10/2020
ibov;101017;26/10/2020
ibov;101259,8;23/10/2020
ibov;101917,7;22/10/2020
ibov;100552,4;21/10/2020
ibov;100539,8;20/10/2020
ibov;98657,7;19/10/2020
ibov;98309,1;16/10/2020
ibov;99054,1;15/10/2020
ibov;99334,4;14/10/2020
ibov;98502,8;13/10/2020
ibov;97483,3;12/10/2020
ibov;97483,3;09/10/2020
ibov;97919,7;08/10/2020
ibov;95526,3;07/10/2020
ibov;95615;06/10/2020
ibov;96089,2;05/10/2020
ibov;94015,7;02/10/2020
ibov;95478,5;01/10/2020
ibov;94603,4;30/09/2020
ibov;93580,4;29/09/2020
ibov;94666,4;28/09/2020
ibov;96999,4;25/09/2020
ibov;97012,1;24/09/2020
ibov;95734,8;23/09/2020
ibov;97293,5;22/09/2020
ibov;96990,7;21/09/2020
ibov;98289,7;18/09/2020
ibov;100097,8;17/09/2020
ibov;99675,7;16/09/2020
ibov;100297,9;15/09/2020
ibov;100274,5;14/09/2020
ibov;98363,2;11/09/2020
ibov;98834,6;10/09/2020
ibov;101292;09/09/2020
ibov;100050,4;08/09/2020
ibov;101241,7;07/09/2020
ibov;101241,7;04/09/2020
ibov;100721,4;03/09/2020
ibov;101911,1;02/09/2020
ibov;102167,6;01/09/2020
ibov;99369,2;31/08/2020
ibov;102142,9;28/08/2020
ibov;100623,6;27/08/2020
ibov;100627,3;26/08/2020
ibov;102117,6;25/08/2020
ibov;102298;24/08/2020
ibov;101521,3;21/08/2020
ibov;101467,9;20/08/2020
ibov;100853,7;19/08/2020
ibov;102065,4;18/08/2020
ibov;99595,4;17/08/2020
ibov;101353,5;14/08/2020
ibov;100460,6;13/08/2020
ibov;102117,8;12/08/2020
ibov;102174,4;11/08/2020
ibov;103444,5;10/08/2020
ibov;102775,5;07/08/2020
ibov;104125,6;06/08/2020
ibov;102801,8;05/08/2020
ibov;101215,9;04/08/2020
ibov;102830;03/08/2020
ibov;102912,2;31/07/2020
ibov;105008,7;30/07/2020
ibov;105605,2;29/07/2020
ibov;104109,1;28/07/2020
ibov;104477,1;27/07/2020
ibov;102381,6;24/07/2020
ibov;102293,3;23/07/2020
ibov;104289,6;22/07/2020
ibov;104309,7;21/07/2020
ibov;104426,4;20/07/2020
ibov;102888,3;17/07/2020
ibov;100553,3;16/07/2020
ibov;101790,5;15/07/2020
ibov;100440,2;14/07/2020
ibov;98697,1;13/07/2020
ibov;100031,8;10/07/2020
ibov;99160,3;09/07/2020
ibov;99769,9;08/07/2020
ibov;97761;07/07/2020
ibov;98937,2;06/07/2020
ibov;96764,9;03/07/2020
ibov;96235;02/07/2020
ibov;96203,2;01/07/2020
ibov;95055,8;30/06/2020
ibov;95735,4;29/06/2020
ibov;93834,5;26/06/2020
ibov;95983,1;25/06/2020
ibov;94377,4;24/06/2020
ibov;95975,2;23/06/2020
ibov;95336;22/06/2020
ibov;96572,1;19/06/2020
ibov;96125,2;18/06/2020
ibov;95547,3;17/06/2020
ibov;93531,2;16/06/2020
ibov;92375,5;15/06/2020
ibov;92795,3;12/06/2020
ibov;94686;11/06/2020
ibov;94686;10/06/2020
ibov;96746,6;09/06/2020
ibov;97644,7;08/06/2020
ibov;94637,1;05/06/2020
ibov;93828,6;04/06/2020
ibov;93002,1;03/06/2020
ibov;91046,4;02/06/2020
ibov;88620,1;01/06/2020
ibov;87402,6;29/05/2020
ibov;86949,1;28/05/2020
ibov;87946,3;27/05/2020
ibov;85468,9;26/05/2020
ibov;85663,5;25/05/2020
ibov;82173,2;22/05/2020
ibov;83027,1;21/05/2020
ibov;81319,5;20/05/2020
ibov;80742,4;19/05/2020
ibov;81194,3;18/05/2020
ibov;77556,6;15/05/2020
ibov;79010,8;14/05/2020
ibov;77772,2;13/05/2020
ibov;77872;12/05/2020
ibov;79064,6;11/05/2020
ibov;80263,4;08/05/2020
ibov;78118,6;07/05/2020
ibov;79063,7;06/05/2020
ibov;79470,8;05/05/2020
ibov;78876,2;04/05/2020
ibov;80505,9;01/05/2020
ibov;80505,9;30/04/2020
ibov;83170,8;29/04/2020
ibov;81312,2;28/04/2020
ibov;78238,6;27/04/2020
ibov;75330,6;24/04/2020
ibov;79673,3;23/04/2020
ibov;80687,2;22/04/2020
ibov;78972,8;21/04/2020
ibov;78972,8;20/04/2020
ibov;78990,3;17/04/2020
ibov;77811,9;16/04/2020
ibov;78831,5;15/04/2020
ibov;79918,4;14/04/2020
ibov;78835,8;13/04/2020
ibov;77681,9;10/04/2020
ibov;77681,9;09/04/2020
ibov;78624,6;08/04/2020
ibov;76358,1;07/04/2020
ibov;74073;06/04/2020
ibov;69537,6;03/04/2020
ibov;72253,5;02/04/2020
ibov;70966,7;01/04/2020
ibov;73019,8;31/03/2020
ibov;74639,5;30/03/2020
ibov;73428,8;27/03/2020
ibov;77709,7;26/03/2020
ibov;74955,6;25/03/2020
ibov;69729,3;24/03/2020
ibov;63569,6;23/03/2020
ibov;67069,4;20/03/2020
ibov;68331,8;19/03/2020
ibov;66895;18/03/2020
ibov;74617,2;17/03/2020
ibov;71168,1;16/03/2020
ibov;82677,9;13/03/2020
ibov;72582,5;12/03/2020
ibov;85171,1;11/03/2020
ibov;92214,5;10/03/2020
ibov;86067,2;09/03/2020
ibov;97996,8;06/03/2020
ibov;102233,2;05/03/2020
ibov;107224,2;04/03/2020
ibov;105537,1;03/03/2020
ibov;106625,4;02/03/2020
ibov;104171,6;28/02/2020
ibov;102983,5;27/02/2020
ibov;105718,3;26/02/2020
ibov;113681,4;25/02/2020
ibov;113681,4;24/02/2020
ibov;113681,4;21/02/2020
ibov;114586,2;20/02/2020
ibov;116517,6;19/02/2020
ibov;114977,3;18/02/2020
ibov;115309,1;17/02/2020
ibov;114380,7;14/02/2020
ibov;115662,4;13/02/2020
ibov;116674,1;12/02/2020
ibov;115370,6;11/02/2020
ibov;112570,3;10/02/2020
ibov;113770,3;07/02/2020
ibov;115190;06/02/2020
ibov;116028,3;05/02/2020
ibov;115556,7;04/02/2020
ibov;114629,2;03/02/2020
ibov;113760,6;31/01/2020
ibov;115528;30/01/2020
ibov;115384,8;29/01/2020
ibov;116479;28/01/2020
ibov;114481,8;27/01/2020
ibov;118376,4;24/01/2020
ibov;119527,6;23/01/2020
ibov;118391,4;22/01/2020
ibov;117026;21/01/2020
ibov;118861,6;20/01/2020
ibov;118478,3;17/01/2020
ibov;116704,2;16/01/2020
ibov;116414,4;15/01/2020
ibov;117632,4;14/01/2020
ibov;117325,3;13/01/2020
ibov;115503,4;10/01/2020
ibov;115947,1;09/01/2020
ibov;116247;08/01/2020
ibov;116661,9;07/01/2020
ibov;116877,9;06/01/2020
ibov;117706,7;03/01/2020
ibov;118573,1;02/01/2020
ibov;115645,3;01/01/2020
ibov;115645,3;31/12/2019
ibov;115645,3;30/12/2019
ibov;116534;27/12/2019
ibov;117203,2;26/12/2019
ibov;115863,3;25/12/2019
ibov;115863,3;24/12/2019
ibov;115863,3;23/12/2019
ibov;115121,1;20/12/2019
ibov;115131,3;19/12/2019
ibov;114314,7;18/12/2019
ibov;112615,7;17/12/2019
ibov;111896;16/12/2019
ibov;112564,9;13/12/2019
ibov;112199,7;12/12/2019
ibov;110963,9;11/12/2019
ibov;110672;10/12/2019
ibov;110977,2;09/12/2019
ibov;111125,8;06/12/2019
ibov;110622,3;05/12/2019
ibov;110300,9;04/12/2019
ibov;108956;03/12/2019
ibov;108927,8;02/12/2019
ibov;108233,3;29/11/2019
ibov;108290,1;28/11/2019
ibov;107707,8;27/11/2019
ibov;107059,4;26/11/2019
ibov;108423,9;25/11/2019
ibov;108692,3;22/11/2019
ibov;107496,7;21/11/2019
ibov;105864,2;20/11/2019
ibov;105864,2;19/11/2019
ibov;106269,3;18/11/2019
ibov;106556,9;15/11/2019
ibov;106556,9;14/11/2019
ibov;106060;13/11/2019
ibov;106751,1;12/11/2019
ibov;108367,4;11/11/2019
ibov;107629;08/11/2019
ibov;109580,6;07/11/2019
ibov;108360,2;06/11/2019
ibov;108719;05/11/2019
ibov;108779,3;04/11/2019
ibov;108195,6;01/11/2019
ibov;107219,8;31/10/2019
ibov;108407,5;30/10/2019
ibov;107556,3;29/10/2019
ibov;108187,1;28/10/2019
ibov;107363,8;25/10/2019
ibov;106986,1;24/10/2019
ibov;107543,6;23/10/2019
ibov;107381,1;22/10/2019
ibov;106022,3;21/10/2019
ibov;104728,9;18/10/2019
ibov;105015,8;17/10/2019
ibov;105422,8;16/10/2019
ibov;104489,6;15/10/2019
ibov;104301,6;14/10/2019
ibov;103831,9;11/10/2019
ibov;101817,1;10/10/2019
ibov;101248,8;09/10/2019
ibov;99981,4;08/10/2019
ibov;100572,8;07/10/2019
ibov;102551,3;04/10/2019
ibov;101516;03/10/2019
ibov;101031,4;02/10/2019
ibov;104053,4;01/10/2019
ibov;104745,3;30/09/2019
ibov;105077,6;27/09/2019
ibov;105319,4;26/09/2019
ibov;104481;25/09/2019
ibov;103875,7;24/09/2019
ibov;104637,8;23/09/2019
ibov;104817,4;20/09/2019
ibov;104339,2;19/09/2019
ibov;104531,9;18/09/2019
ibov;104616,9;17/09/2019
ibov;103680,4;16/09/2019
ibov;103501,2;13/09/2019
ibov;104370,9;12/09/2019
ibov;103445,6;11/09/2019
ibov;103031,5;10/09/2019
ibov;103180,6;09/09/2019
ibov;102935,4;06/09/2019
ibov;102243;05/09/2019
ibov;101200,9;04/09/2019
ibov;99680,8;03/09/2019
ibov;100625,7;02/09/2019
ibov;101134,6;30/08/2019
ibov;100524,4;29/08/2019
ibov;98193,5;28/08/2019
ibov;97276,2;27/08/2019
ibov;96429,6;26/08/2019
ibov;97667,5;23/08/2019
ibov;100011,3;22/08/2019
ibov;101201,9;21/08/2019
ibov;99222,3;20/08/2019
ibov;99468,7;19/08/2019
ibov;99805,8;16/08/2019
ibov;99056,9;15/08/2019
ibov;100258;14/08/2019
ibov;103299,5;13/08/2019
ibov;101915,2;12/08/2019
ibov;103996,2;09/08/2019
ibov;104115,2;08/08/2019
ibov;102782,4;07/08/2019
ibov;102163,7;06/08/2019
ibov;100097,8;05/08/2019
ibov;102673,7;02/08/2019
ibov;102125,9;01/08/2019
ibov;101812,1;31/07/2019
ibov;102932,8;30/07/2019
ibov;103482,6;29/07/2019
ibov;102818,9;26/07/2019
ibov;102654,6;25/07/2019
ibov;104119,5;24/07/2019
ibov;103704,3;23/07/2019
ibov;103949,5;22/07/2019
ibov;103451,9;19/07/2019
ibov;104716,6;18/07/2019
ibov;103855,5;17/07/2019
ibov;103775,4;16/07/2019
ibov;103802,7;15/07/2019
ibov;103906;12/07/2019
ibov;105146,4;11/07/2019
ibov;105817,1;10/07/2019
ibov;104530,2;09/07/2019
ibov;104530,2;08/07/2019
ibov;104089,5;05/07/2019
ibov;103636,2;04/07/2019
ibov;102043,1;03/07/2019
ibov;100605,2;02/07/2019
ibov;101339,7;01/07/2019
ibov;100967,2;28/06/2019
ibov;100724;27/06/2019
ibov;100688,6;26/06/2019
ibov;100093;25/06/2019
ibov;102062,3;24/06/2019
ibov;102012,6;21/06/2019
ibov;100303,4;20/06/2019
ibov;100303,4;19/06/2019
ibov;99404,4;18/06/2019
ibov;97623,3;17/06/2019
ibov;98040,1;14/06/2019
ibov;98773,7;13/06/2019
ibov;98320,9;12/06/2019
ibov;98960;11/06/2019
ibov;97466,7;10/06/2019
ibov;97821,3;07/06/2019
ibov;97204,9;06/06/2019
ibov;95998,8;05/06/2019
ibov;97380,3;04/06/2019
ibov;97020,5;03/06/2019
ibov;97030,3;31/05/2019
ibov;97457,4;30/05/2019
ibov;96566,6;29/05/2019
ibov;96392,8;28/05/2019
ibov;94864,3;27/05/2019
ibov;93627,8;24/05/2019
ibov;93910;23/05/2019
ibov;94360,7;22/05/2019
ibov;94484,6;21/05/2019
ibov;91946,2;20/05/2019
ibov;89992,7;17/05/2019
ibov;90024,5;16/05/2019
ibov;91623,4;15/05/2019
ibov;92092,4;14/05/2019
ibov;91726,5;13/05/2019
ibov;94257,6;10/05/2019
ibov;94807,9;09/05/2019
ibov;95596,6;08/05/2019
ibov;94388,7;07/05/2019
ibov;95008,7;06/05/2019
ibov;96007,9;03/05/2019
ibov;95527,6;02/05/2019
ibov;96353,3;01/05/2019
ibov;96353,3;30/04/2019
ibov;96187,8;29/04/2019
ibov;96236;26/04/2019
ibov;96552;25/04/2019
ibov;95045,4;24/04/2019
ibov;95923,2;23/04/2019
ibov;94588,1;22/04/2019
ibov;94578,3;19/04/2019
ibov;94578,3;18/04/2019
ibov;93284,8;17/04/2019
ibov;94333,3;16/04/2019
ibov;93083;15/04/2019
ibov;92875;12/04/2019
ibov;94754,7;11/04/2019
ibov;95953,5;10/04/2019
ibov;96291,8;09/04/2019
ibov;97369,3;08/04/2019
ibov;97108,2;05/04/2019
ibov;96313,1;04/04/2019
ibov;94491,5;03/04/2019
ibov;95386,8;02/04/2019
ibov;96054,5;01/04/2019
ibov;95414,6;29/03/2019
ibov;94388,9;28/03/2019
ibov;91903,4;27/03/2019
ibov;95306,8;26/03/2019
ibov;93662;25/03/2019
ibov;93735,2;22/03/2019
ibov;96729,1;21/03/2019
ibov;98041,4;20/03/2019
ibov;99588,4;19/03/2019
ibov;99993,9;18/03/2019
ibov;99136,7;15/03/2019
ibov;98604,7;14/03/2019
ibov;98903,9;13/03/2019
ibov;97828;12/03/2019
ibov;98026,6;11/03/2019
ibov;95364,9;08/03/2019
ibov;94340,2;07/03/2019
ibov;94216,9;06/03/2019
ibov;94603,8;05/03/2019
ibov;94603,8;04/03/2019
ibov;94603,8;01/03/2019
ibov;95584,4;28/02/2019
ibov;97307,3;27/02/2019
ibov;97602,5;26/02/2019
ibov;97239,9;25/02/2019
ibov;97885,6;22/02/2019
ibov;96932,3;21/02/2019
ibov;96544,8;20/02/2019
ibov;97659,2;19/02/2019
ibov;96509,9;18/02/2019
ibov;97525,9;15/02/2019
ibov;98015,1;14/02/2019
ibov;95842,4;13/02/2019
ibov;96168,4;12/02/2019
ibov;94412,9;11/02/2019
ibov;95343,1;08/02/2019
ibov;94405,6;07/02/2019
ibov;94635,6;06/02/2019
ibov;98311,2;05/02/2019
ibov;98588,6;04/02/2019
ibov;97861,3;01/02/2019
ibov;97393,7;31/01/2019
ibov;96996,2;30/01/2019
ibov;95639,3;29/01/2019
ibov;95443,9;28/01/2019
ibov;97677,2;25/01/2019
ibov;97677,2;24/01/2019
ibov;96558,4;23/01/2019
ibov;95103,4;22/01/2019
ibov;96009,8;21/01/2019
ibov;96096,8;18/01/2019
ibov;95351,1;17/01/2019
ibov;94393,1;16/01/2019
ibov;94055,7;15/01/2019
ibov;94474,1;14/01/2019
ibov;93658,3;11/01/2019
ibov;93805,9;10/01/2019
ibov;93613;09/01/2019
ibov;92031,9;08/01/2019
ibov;91699,1;07/01/2019
ibov;91840,8;04/01/2019
ibov;91564,3;03/01/2019
ibov;91012,3;02/01/2019
ibov;87887,3;01/01/2019
ibov;87887,3;31/12/2018
ibov;87887,3;28/12/2018
ibov;85460,2;27/12/2018
ibov;85136,1;26/12/2018
ibov;85697,2;25/12/2018
ibov;85697,2;24/12/2018
ibov;85697,2;21/12/2018
ibov;85269,3;20/12/2018
ibov;85673,5;19/12/2018
ibov;86610,5;18/12/2018
ibov;86399,7;17/12/2018
ibov;87449,5;14/12/2018
ibov;87837,6;13/12/2018
ibov;86977,5;12/12/2018
ibov;86419,6;11/12/2018
ibov;85914,7;10/12/2018
ibov;88115,1;07/12/2018
ibov;88846,5;06/12/2018
ibov;89039,8;05/12/2018
ibov;88624,5;04/12/2018
ibov;89820,1;03/12/2018
ibov;89504;30/11/2018
ibov;89709,6;29/11/2018
ibov;89250,8;28/11/2018
ibov;87891,2;27/11/2018
ibov;85546,5;26/11/2018
ibov;86230,2;23/11/2018
ibov;87477,4;22/11/2018
ibov;87268,8;21/11/2018
ibov;87900,8;20/11/2018
ibov;87900,8;19/11/2018
ibov;88515,3;16/11/2018
ibov;85973,1;15/11/2018
ibov;85973,1;14/11/2018
ibov;84914,1;13/11/2018
ibov;85524,7;12/11/2018
ibov;85641,2;09/11/2018
ibov;85620,1;08/11/2018
ibov;87714,4;07/11/2018
ibov;88668,9;06/11/2018
ibov;89598,2;05/11/2018
ibov;88419,1;02/11/2018
ibov;88419,1;01/11/2018
ibov;87423,6;31/10/2018
ibov;86885,7;30/10/2018
ibov;83796,7;29/10/2018
ibov;85719,9;26/10/2018
ibov;84083,5;25/10/2018
ibov;83063,6;24/10/2018
ibov;85300;23/10/2018
ibov;85596,7;22/10/2018
ibov;84219,7;19/10/2018
ibov;83847,1;18/10/2018
ibov;85764;17/10/2018
ibov;85717,6;16/10/2018
ibov;83359,8;15/10/2018
ibov;82921,1;12/10/2018
ibov;82921,1;11/10/2018
ibov;83679,1;10/10/2018
ibov;86087,6;09/10/2018
ibov;86083,9;08/10/2018
ibov;82321,5;05/10/2018
ibov;82952,8;04/10/2018
ibov;83273,4;03/10/2018
ibov;81612,3;02/10/2018
ibov;78623,7;01/10/2018
ibov;79342,4;28/09/2018
ibov;80000,1;27/09/2018
ibov;78656,2;26/09/2018
ibov;78630,1;25/09/2018
ibov;77984,2;24/09/2018
ibov;79444,3;21/09/2018
ibov;78116;20/09/2018
ibov;78168,7;19/09/2018
ibov;78314;18/09/2018
ibov;76788,9;17/09/2018
ibov;75429,1;14/09/2018
ibov;74686,7;13/09/2018
ibov;75124,8;12/09/2018
ibov;74656,5;11/09/2018
ibov;76436,4;10/09/2018
ibov;76416;07/09/2018
ibov;76416;06/09/2018
ibov;75092,3;05/09/2018
ibov;74711,8;04/09/2018
ibov;76192,7;03/09/2018
ibov;76677,5;31/08/2018
ibov;76404,1;30/08/2018
ibov;78388,8;29/08/2018
ibov;77473,2;28/08/2018
ibov;77929,7;27/08/2018
ibov;76262,2;24/08/2018
ibov;75633,8;23/08/2018
ibov;76902,3;22/08/2018
ibov;75180,4;21/08/2018
ibov;76327,9;20/08/2018
ibov;76028,5;17/08/2018
ibov;76818,7;16/08/2018
ibov;77078;15/08/2018
ibov;78602,1;14/08/2018
ibov;77496,5;13/08/2018
ibov;76514,4;10/08/2018
ibov;78768;09/08/2018
ibov;79151,7;08/08/2018
ibov;80346,5;07/08/2018
ibov;81050,8;06/08/2018
ibov;81435;03/08/2018
ibov;79636,7;02/08/2018
ibov;79301,7;01/08/2018
ibov;79220,4;31/07/2018
ibov;80275,6;30/07/2018
ibov;79866,1;27/07/2018
ibov;79405,3;26/07/2018
ibov;80218;25/07/2018
ibov;79155;24/07/2018
ibov;77996,1;23/07/2018
ibov;78571,3;20/07/2018
ibov;77486,8;19/07/2018
ibov;77362,6;18/07/2018
ibov;78130,3;17/07/2018
ibov;76652,6;16/07/2018
ibov;76594,4;13/07/2018
ibov;75856,2;12/07/2018
ibov;74398,6;11/07/2018
ibov;74862,4;10/07/2018
ibov;75010,4;09/07/2018
ibov;75010,4;06/07/2018
ibov;74553,1;05/07/2018
ibov;74743,1;04/07/2018
ibov;73667,8;03/07/2018
ibov;72839,7;02/07/2018
ibov;72762,5;29/06/2018
ibov;71766,5;28/06/2018
ibov;70609;27/06/2018
ibov;71404,6;26/06/2018
ibov;70953;25/06/2018
ibov;70640,7;22/06/2018
ibov;70074,9;21/06/2018
ibov;72123,4;20/06/2018
ibov;71394,3;19/06/2018
ibov;69814,7;18/06/2018
ibov;70757,7;15/06/2018
ibov;71421,2;14/06/2018
ibov;72122,1;13/06/2018
ibov;72754,1;12/06/2018
ibov;72307,8;11/06/2018
ibov;72942,1;08/06/2018
ibov;73851,5;07/06/2018
ibov;76117,2;06/06/2018
ibov;76641,7;05/06/2018
ibov;78596,1;04/06/2018
ibov;77239,8;01/06/2018
ibov;76753,6;31/05/2018
ibov;76753,6;30/05/2018
ibov;76072;29/05/2018
ibov;75355,8;28/05/2018
ibov;78897,7;25/05/2018
ibov;80122,3;24/05/2018
ibov;80867,3;23/05/2018
ibov;82738,9;22/05/2018
ibov;81815,3;21/05/2018
ibov;83081,9;18/05/2018
ibov;83622;17/05/2018
ibov;86537;16/05/2018
ibov;85130,4;15/05/2018
ibov;85232,2;14/05/2018
ibov;85220,2;11/05/2018
ibov;85861,2;10/05/2018
ibov;84265,5;09/05/2018
ibov;82956,1;08/05/2018
ibov;82714,4;07/05/2018
ibov;83118;04/05/2018
ibov;83288,1;03/05/2018
ibov;84547,1;02/05/2018
ibov;86115,5;01/05/2018
ibov;86115,5;30/04/2018
ibov;86444,7;27/04/2018
ibov;86383,2;26/04/2018
ibov;85044,4;25/04/2018
ibov;85469,1;24/04/2018
ibov;85602,5;23/04/2018
ibov;85550,1;20/04/2018
ibov;85824,3;19/04/2018
ibov;85776,5;18/04/2018
ibov;84086,1;17/04/2018
ibov;82861,6;16/04/2018
ibov;84334,4;13/04/2018
ibov;85443,5;12/04/2018
ibov;85245,6;11/04/2018
ibov;84510,4;10/04/2018
ibov;83307,2;09/04/2018
ibov;84820,4;06/04/2018
ibov;85209,7;05/04/2018
ibov;84359,7;04/04/2018
ibov;84623,5;03/04/2018
ibov;84666,4;02/04/2018
ibov;85365,6;30/03/2018
ibov;85365,6;29/03/2018
ibov;83874,1;28/03/2018
ibov;83808,1;27/03/2018
ibov;85087,9;26/03/2018
ibov;84377,2;23/03/2018
ibov;84767,9;22/03/2018
ibov;84976,6;21/03/2018
ibov;84163,8;20/03/2018
ibov;83913,1;19/03/2018
ibov;84886,5;16/03/2018
ibov;84928,2;15/03/2018
ibov;86051;14/03/2018
ibov;86383,8;13/03/2018
ibov;86900,4;12/03/2018
ibov;86371,4;09/03/2018
ibov;84984,6;08/03/2018
ibov;85483,6;07/03/2018
ibov;85653;06/03/2018
ibov;86022,8;05/03/2018
ibov;85761,3;02/03/2018
ibov;85377,8;01/03/2018
ibov;85353,6;28/02/2018
ibov;86935,4;27/02/2018
ibov;87652,6;26/02/2018
ibov;87293,2;23/02/2018
ibov;86686,5;22/02/2018
ibov;86051,8;21/02/2018
ibov;85804;20/02/2018
ibov;84792,7;19/02/2018
ibov;84524,6;16/02/2018
ibov;84290,6;15/02/2018
ibov;83542,8;14/02/2018
ibov;80898,7;13/02/2018
ibov;80898,7;12/02/2018
ibov;80898,7;09/02/2018
ibov;81532,5;08/02/2018
ibov;82766,7;07/02/2018
ibov;83894;06/02/2018
ibov;81861,1;05/02/2018
ibov;84041,3;02/02/2018
ibov;85495,2;01/02/2018
ibov;84912,7;31/01/2018
ibov;84482,5;30/01/2018
ibov;84698;29/01/2018
ibov;85530,8;26/01/2018
ibov;83680;25/01/2018
ibov;83680;24/01/2018
ibov;80678,3;23/01/2018
ibov;81675,4;22/01/2018
ibov;81219,5;19/01/2018
ibov;80962,7;18/01/2018
ibov;81189,2;17/01/2018
ibov;79831,8;16/01/2018
ibov;79752,4;15/01/2018
ibov;79349,1;12/01/2018
ibov;79365,4;11/01/2018
ibov;78200,6;10/01/2018
ibov;78863,5;09/01/2018
ibov;79378,5;08/01/2018
ibov;79071,5;05/01/2018
ibov;78647,4;04/01/2018
ibov;77995,2;03/01/2018
ibov;77891;02/01/2018
ibov;76402,1;01/01/2018
ibov;76402,1;29/12/2017
ibov;76402,1;28/12/2017
ibov;76072,5;27/12/2017
ibov;75707,7;26/12/2017
ibov;75186,5;25/12/2017
ibov;75186,5;22/12/2017
ibov;75133,4;21/12/2017
ibov;73367;20/12/2017
ibov;72680,4;19/12/2017
ibov;73115,5;18/12/2017
ibov;72607,7;15/12/2017
ibov;72428,9;14/12/2017
ibov;72914,3;13/12/2017
ibov;73813,5;12/12/2017
ibov;72800;11/12/2017
ibov;72731,8;08/12/2017
ibov;72487,5;07/12/2017
ibov;73268,4;06/12/2017
ibov;72546,2;05/12/2017
ibov;73090,2;04/12/2017
ibov;72264,5;01/12/2017
ibov;71971;30/11/2017
ibov;72700,5;29/11/2017
ibov;74139,7;28/11/2017
ibov;74058,9;27/11/2017
ibov;74157,4;24/11/2017
ibov;74486,6;23/11/2017
ibov;74518,8;22/11/2017
ibov;74594,6;21/11/2017
ibov;73437,3;20/11/2017
ibov;73437,3;17/11/2017
ibov;72511,8;16/11/2017
ibov;70826,6;15/11/2017
ibov;70826,6;14/11/2017
ibov;72475,2;13/11/2017
ibov;72165,6;10/11/2017
ibov;72930,7;09/11/2017
ibov;74363,1;08/11/2017
ibov;72414,9;07/11/2017
ibov;74310,8;06/11/2017
ibov;73915,4;03/11/2017
ibov;73823,7;02/11/2017
ibov;73823,7;01/11/2017
ibov;74308,5;31/10/2017
ibov;74800,3;30/10/2017
ibov;75975,7;27/10/2017
ibov;75896,4;26/10/2017
ibov;76671,1;25/10/2017
ibov;76350,2;24/10/2017
ibov;75413,1;23/10/2017
ibov;76390,5;20/10/2017
ibov;76283,2;19/10/2017
ibov;76591,1;18/10/2017
ibov;76201,3;17/10/2017
ibov;76891,8;16/10/2017
ibov;76989,8;13/10/2017
ibov;76659,8;12/10/2017
ibov;76659,8;11/10/2017
ibov;76897,2;10/10/2017
ibov;75726,8;09/10/2017
ibov;76054,7;06/10/2017
ibov;76617,5;05/10/2017
ibov;76591,4;04/10/2017
ibov;76762,9;03/10/2017
ibov;74359,8;02/10/2017
ibov;74293,5;29/09/2017
ibov;73567,3;28/09/2017
ibov;73796,7;27/09/2017
ibov;74318,7;26/09/2017
ibov;74443,5;25/09/2017
ibov;75389,8;22/09/2017
ibov;75604,3;21/09/2017
ibov;76004,2;20/09/2017
ibov;75974,2;19/09/2017
ibov;75990,4;18/09/2017
ibov;75756,5;15/09/2017
ibov;74656,7;14/09/2017
ibov;74787,6;13/09/2017
ibov;74538,6;12/09/2017
ibov;74319,2;11/09/2017
ibov;73078,9;08/09/2017
ibov;73412,4;07/09/2017
ibov;73412,4;06/09/2017
ibov;72150,9;05/09/2017
ibov;72128,8;04/09/2017
ibov;71923,1;01/09/2017
ibov;70835,1;31/08/2017
ibov;70886,3;30/08/2017
ibov;71329,9;29/08/2017
ibov;71016,6;28/08/2017
ibov;71073,7;25/08/2017
ibov;71132,8;24/08/2017
ibov;70477,6;23/08/2017
ibov;70011,3;22/08/2017
ibov;68634,7;21/08/2017
ibov;68714,7;18/08/2017
ibov;67976,8;17/08/2017
ibov;68594,3;16/08/2017
ibov;68355,1;15/08/2017
ibov;68284,7;14/08/2017
ibov;67358,6;11/08/2017
ibov;66992,1;10/08/2017
ibov;67671,1;09/08/2017
ibov;67898,9;08/08/2017
ibov;67939,7;07/08/2017
ibov;66898;04/08/2017
ibov;66777,1;03/08/2017
ibov;67136;02/08/2017
ibov;66516,2;01/08/2017
ibov;65920,4;31/07/2017
ibov;65497,1;28/07/2017
ibov;65277,4;27/07/2017
ibov;65010,6;26/07/2017
ibov;65667,6;25/07/2017
ibov;65099,6;24/07/2017
ibov;64684,2;21/07/2017
ibov;64938;20/07/2017
ibov;65179,9;19/07/2017
ibov;65337,7;18/07/2017
ibov;65212,3;17/07/2017
ibov;65436,2;14/07/2017
ibov;65178,4;13/07/2017
ibov;64835,6;12/07/2017
ibov;63832,2;11/07/2017
ibov;63025,5;10/07/2017
ibov;62322,4;07/07/2017
ibov;62470,3;06/07/2017
ibov;63154,2;05/07/2017
ibov;63231,6;04/07/2017
ibov;63279,6;03/07/2017
ibov;62900;30/06/2017
ibov;62239;29/06/2017
ibov;62018;28/06/2017
ibov;61675,5;27/06/2017
ibov;62188,1;26/06/2017
ibov;61087,1;23/06/2017
ibov;61272,2;22/06/2017
ibov;60761,7;21/06/2017
ibov;60766,2;20/06/2017
ibov;62014;19/06/2017
ibov;61626,4;16/06/2017
ibov;61922,9;15/06/2017
ibov;61922,9;14/06/2017
ibov;61829;13/06/2017
ibov;61700,2;12/06/2017
ibov;62210,6;09/06/2017
ibov;62755,6;08/06/2017
ibov;63170,7;07/06/2017
ibov;62954,7;06/06/2017
ibov;62450,5;05/06/2017
ibov;62510,7;02/06/2017
ibov;62288,5;01/06/2017
ibov;62711,5;31/05/2017
ibov;63962,3;30/05/2017
ibov;63760,9;29/05/2017
ibov;64085,4;26/05/2017
ibov;63226,8;25/05/2017
ibov;63257,4;24/05/2017
ibov;62662,5;23/05/2017
ibov;61673,5;22/05/2017
ibov;62639,3;19/05/2017
ibov;61597,1;18/05/2017
ibov;67540,3;17/05/2017
ibov;68684,5;16/05/2017
ibov;68474,2;15/05/2017
ibov;68221,9;12/05/2017
ibov;67537,6;11/05/2017
ibov;67349,7;10/05/2017
ibov;66277,7;09/05/2017
ibov;65526;08/05/2017
ibov;65709,7;05/05/2017
ibov;64862,6;04/05/2017
ibov;66093,8;03/05/2017
ibov;66721,8;02/05/2017
ibov;65403,2;01/05/2017
ibov;65403,2;28/04/2017
ibov;64676,6;27/04/2017
ibov;64861,9;26/04/2017
ibov;65148,3;25/04/2017
ibov;64389;24/04/2017
ibov;63760,6;21/04/2017
ibov;63760,6;20/04/2017
ibov;63407;19/04/2017
ibov;64158,8;18/04/2017
ibov;64334,9;17/04/2017
ibov;62826,3;14/04/2017
ibov;62826,3;13/04/2017
ibov;63891,7;12/04/2017
ibov;64359,8;11/04/2017
ibov;64649,8;10/04/2017
ibov;64593,1;07/04/2017
ibov;64222,7;06/04/2017
ibov;64774,8;05/04/2017
ibov;65768,9;04/04/2017
ibov;65211,5;03/04/2017
ibov;64984,1;31/03/2017
ibov;65266;30/03/2017
ibov;65528,3;29/03/2017
ibov;64640,4;28/03/2017
ibov;64308,4;27/03/2017
ibov;63853,8;24/03/2017
ibov;63530,8;23/03/2017
ibov;63521,3;22/03/2017
ibov;62980,4;21/03/2017
ibov;64884,3;20/03/2017
ibov;64209,9;17/03/2017
ibov;65782,9;16/03/2017
ibov;66234,9;15/03/2017
ibov;64699,5;14/03/2017
ibov;65534,3;13/03/2017
ibov;64675,5;10/03/2017
ibov;64585,2;09/03/2017
ibov;64718;08/03/2017
ibov;65742,3;07/03/2017
ibov;66341,4;06/03/2017
ibov;66785,5;03/03/2017
ibov;65854,9;02/03/2017
ibov;66988,9;01/03/2017
ibov;66662,1;28/02/2017
ibov;66662,1;27/02/2017
ibov;66662,1;24/02/2017
ibov;67461,4;23/02/2017
ibov;68589,5;22/02/2017
ibov;69052;21/02/2017
ibov;68532,9;20/02/2017
ibov;67748,4;17/02/2017
ibov;67814,2;16/02/2017
ibov;67975,6;15/02/2017
ibov;66712,9;14/02/2017
ibov;66967,6;13/02/2017
ibov;66124,5;10/02/2017
ibov;64964,9;09/02/2017
ibov;64835,4;08/02/2017
ibov;64198,9;07/02/2017
ibov;63992,9;06/02/2017
ibov;64953,9;03/02/2017
ibov;64578,2;02/02/2017
ibov;64836,1;01/02/2017
ibov;64670,8;31/01/2017
ibov;64301,7;30/01/2017
ibov;66034;27/01/2017
ibov;66190,6;26/01/2017
ibov;65840,1;25/01/2017
ibov;65840,1;24/01/2017
ibov;65748,6;23/01/2017
ibov;64521,2;20/01/2017
ibov;63950,9;19/01/2017
ibov;64149,6;18/01/2017
ibov;64354,3;17/01/2017
ibov;63831,3;16/01/2017
ibov;63651,5;13/01/2017
ibov;63953,9;12/01/2017
ibov;62446,3;11/01/2017
ibov;62131,8;10/01/2017
ibov;61700,3;09/01/2017
ibov;61665,4;06/01/2017
ibov;62071;05/01/2017
ibov;61589,1;04/01/2017
ibov;61813,8;03/01/2017
ibov;59588,7;02/01/2017
ibov;60227,3;30/12/2016
ibov;60227,3;29/12/2016
ibov;59781,6;28/12/2016
ibov;58696,7;27/12/2016
ibov;58620,3;26/12/2016
ibov;57937,1;23/12/2016
ibov;57255,2;22/12/2016
ibov;57646,5;21/12/2016
ibov;57582,9;20/12/2016
ibov;57111;19/12/2016
ibov;58389;16/12/2016
ibov;58396,2;15/12/2016
ibov;58212,1;14/12/2016
ibov;59280,6;13/12/2016
ibov;59178,6;12/12/2016
ibov;60500,6;09/12/2016
ibov;60676,6;08/12/2016
ibov;61414,4;07/12/2016
ibov;61088,2;06/12/2016
ibov;59831,7;05/12/2016
ibov;60316,1;02/12/2016
ibov;59506,5;01/12/2016
ibov;61906,4;30/11/2016
ibov;60986,5;29/11/2016
ibov;62855,5;28/11/2016
ibov;61559,1;25/11/2016
ibov;61395,5;24/11/2016
ibov;61985,9;23/11/2016
ibov;61954,5;22/11/2016
ibov;61070,3;21/11/2016
ibov;59961,8;18/11/2016
ibov;59770,5;17/11/2016
ibov;60759,3;16/11/2016
ibov;59657,5;15/11/2016
ibov;59657,5;14/11/2016
ibov;59183,5;11/11/2016
ibov;61201;10/11/2016
ibov;63258,3;09/11/2016
ibov;64157,7;08/11/2016
ibov;64051,7;07/11/2016
ibov;61598,4;04/11/2016
ibov;61750,2;03/11/2016
ibov;63326,4;02/11/2016
ibov;63326,4;01/11/2016
ibov;64924,5;31/10/2016
ibov;64307,6;28/10/2016
ibov;64249,5;27/10/2016
ibov;63825,7;26/10/2016
ibov;63866,2;25/10/2016
ibov;64059,9;24/10/2016
ibov;64108,1;21/10/2016
ibov;63837,9;20/10/2016
ibov;63505,6;19/10/2016
ibov;63782,2;18/10/2016
ibov;62696,1;17/10/2016
ibov;61767,2;14/10/2016
ibov;61118,6;13/10/2016
ibov;61021,8;12/10/2016
ibov;61021,8;11/10/2016
ibov;61668,3;10/10/2016
ibov;61109;07/10/2016
ibov;60644,2;06/10/2016
ibov;60254,3;05/10/2016
ibov;59339,2;04/10/2016
ibov;59461,2;03/10/2016
ibov;58367;30/09/2016
ibov;58350,6;29/09/2016
ibov;59355,8;28/09/2016
ibov;58382,5;27/09/2016
ibov;58053,5;26/09/2016
ibov;58697;23/09/2016
ibov;58994,2;22/09/2016
ibov;58393,9;21/09/2016
ibov;57736,5;20/09/2016
ibov;57350,4;19/09/2016
ibov;57079,8;16/09/2016
ibov;57909,5;15/09/2016
ibov;57059,5;14/09/2016
ibov;56820,8;13/09/2016
ibov;58586,1;12/09/2016
ibov;57999,7;09/09/2016
ibov;60231,7;08/09/2016
ibov;60129,4;07/09/2016
ibov;60129,4;06/09/2016
ibov;59566,3;05/09/2016
ibov;59616,4;02/09/2016
ibov;58236,3;01/09/2016
ibov;57901,1;31/08/2016
ibov;58575,4;30/08/2016
ibov;58610,4;29/08/2016
ibov;57716,3;26/08/2016
ibov;57722,1;25/08/2016
ibov;57717,9;24/08/2016
ibov;58020;23/08/2016
ibov;57781,2;22/08/2016
ibov;59098,9;19/08/2016
ibov;59166;18/08/2016
ibov;59323,8;17/08/2016
ibov;58855,4;16/08/2016
ibov;59146;15/08/2016
ibov;58298,4;12/08/2016
ibov;58299,6;11/08/2016
ibov;56919,8;10/08/2016
ibov;57689,4;09/08/2016
ibov;57635,4;08/08/2016
ibov;57661,1;05/08/2016
ibov;57593,9;04/08/2016
ibov;57076,9;03/08/2016
ibov;56162,4;02/08/2016
ibov;56755,8;01/08/2016
ibov;57308,2;29/07/2016
ibov;56667,1;28/07/2016
ibov;56852,8;27/07/2016
ibov;56782,8;26/07/2016
ibov;56872,7;25/07/2016
ibov;57002,1;22/07/2016
ibov;56641,5;21/07/2016
ibov;56578;20/07/2016
ibov;56698,1;19/07/2016
ibov;56484,2;18/07/2016
ibov;55578,2;15/07/2016
ibov;55480,9;14/07/2016
ibov;54598,3;13/07/2016
ibov;54256,4;12/07/2016
ibov;53960,1;11/07/2016
ibov;53140,7;08/07/2016
ibov;52014,7;07/07/2016
ibov;51901,8;06/07/2016
ibov;51842,3;05/07/2016
ibov;52568,7;04/07/2016
ibov;52233;01/07/2016
ibov;51526,9;30/06/2016
ibov;51001,9;29/06/2016
ibov;50006,6;28/06/2016
ibov;49245,5;27/06/2016
ibov;50105,3;24/06/2016
ibov;51559,8;23/06/2016
ibov;50156,3;22/06/2016
ibov;50837,8;21/06/2016
ibov;50329,4;20/06/2016
ibov;49533,8;17/06/2016
ibov;49411,6;16/06/2016
ibov;48914,7;15/06/2016
ibov;48648,3;14/06/2016
ibov;49660,8;13/06/2016
ibov;49422,2;10/06/2016
ibov;51118,5;09/06/2016
ibov;51629,3;08/06/2016
ibov;50487,9;07/06/2016
ibov;50431,8;06/06/2016
ibov;50619,5;03/06/2016
ibov;49887,2;02/06/2016
ibov;49012,7;01/06/2016
ibov;48471,7;31/05/2016
ibov;48964,3;30/05/2016
ibov;49051,5;27/05/2016
ibov;49482,9;26/05/2016
ibov;49482,9;25/05/2016
ibov;49345,2;24/05/2016
ibov;49330,4;23/05/2016
ibov;49722,7;20/05/2016
ibov;50132,5;19/05/2016
ibov;50561,7;18/05/2016
ibov;50839,4;17/05/2016
ibov;51802,9;16/05/2016
ibov;51804,3;13/05/2016
ibov;53241,3;12/05/2016
ibov;52764,5;11/05/2016
ibov;53070,9;10/05/2016
ibov;50990,1;09/05/2016
ibov;51717,8;06/05/2016
ibov;51671;05/05/2016
ibov;52552,8;04/05/2016
ibov;52260,2;03/05/2016
ibov;53561,5;02/05/2016
ibov;53910,5;29/04/2016
ibov;54312;28/04/2016
ibov;54477,8;27/04/2016
ibov;53082,5;26/04/2016
ibov;51861,7;25/04/2016
ibov;52907,9;22/04/2016
ibov;53630,9;21/04/2016
ibov;53630,9;20/04/2016
ibov;53710;19/04/2016
ibov;52894,1;18/04/2016
ibov;53227,7;15/04/2016
ibov;52411;14/04/2016
ibov;53149,8;13/04/2016
ibov;52001,9;12/04/2016
ibov;50165,5;11/04/2016
ibov;50292,9;08/04/2016
ibov;48513,1;07/04/2016
ibov;48096,2;06/04/2016
ibov;49053,6;05/04/2016
ibov;48780;04/04/2016
ibov;50561,5;01/04/2016
ibov;50055,3;31/03/2016
ibov;51248,9;30/03/2016
ibov;51155;29/03/2016
ibov;50838,2;28/03/2016
ibov;49657,4;25/03/2016
ibov;49657,4;24/03/2016
ibov;49690;23/03/2016
ibov;51010,2;22/03/2016
ibov;51171,5;21/03/2016
ibov;50814,7;18/03/2016
ibov;50913,8;17/03/2016
ibov;47763,4;16/03/2016
ibov;47130;15/03/2016
ibov;48867,3;14/03/2016
ibov;49638,7;11/03/2016
ibov;49571,1;10/03/2016
ibov;48665,1;09/03/2016
ibov;49102,1;08/03/2016
ibov;49246,1;07/03/2016
ibov;49084,9;04/03/2016
ibov;47193,4;03/03/2016
ibov;44893,5;02/03/2016
ibov;44121,8;01/03/2016
ibov;42793,9;29/02/2016
ibov;41593,1;26/02/2016
ibov;41887,9;25/02/2016
ibov;42084,6;24/02/2016
ibov;42520,9;23/02/2016
ibov;43234,9;22/02/2016
ibov;41543,4;19/02/2016
ibov;41477,6;18/02/2016
ibov;41630,8;17/02/2016
ibov;40947,7;16/02/2016
ibov;40092,9;15/02/2016
ibov;39808;12/02/2016
ibov;39318,3;11/02/2016
ibov;40376,6;10/02/2016
ibov;40592,1;09/02/2016
ibov;40592,1;08/02/2016
ibov;40592,1;05/02/2016
ibov;40821,7;04/02/2016
ibov;39588,8;03/02/2016
ibov;38596,2;02/02/2016
ibov;40570;01/02/2016
ibov;40406;29/01/2016
ibov;38630,2;28/01/2016
ibov;38376,4;27/01/2016
ibov;37497,5;26/01/2016
ibov;38031,2;25/01/2016
ibov;38031,2;22/01/2016
ibov;37717,1;21/01/2016
ibov;37645,5;20/01/2016
ibov;38057;19/01/2016
ibov;37937,3;18/01/2016
ibov;38569,1;15/01/2016
ibov;39500,1;14/01/2016
ibov;38944,4;13/01/2016
ibov;39513,8;12/01/2016
ibov;39950,5;11/01/2016
ibov;40612,2;08/01/2016
ibov;40694,7;07/01/2016
ibov;41773,1;06/01/2016
ibov;42419,3;05/01/2016
ibov;42141;04/01/2016
ibov;43350;01/01/2016
ibov;43350;31/12/2015
ibov;43350;30/12/2015
ibov;43654;29/12/2015
ibov;43764,3;28/12/2015
ibov;44014,9;25/12/2015
ibov;44014,9;24/12/2015
ibov;44014,9;23/12/2015
ibov;43469,5;22/12/2015
ibov;43200;21/12/2015
ibov;43910,6;18/12/2015
ibov;45261,5;17/12/2015
ibov;45015,8;16/12/2015
ibov;44872,5;15/12/2015
ibov;44747,3;14/12/2015
ibov;45262,7;11/12/2015
ibov;45630,7;10/12/2015
ibov;46108;09/12/2015
ibov;44443,3;08/12/2015
ibov;45222,7;07/12/2015
ibov;45360,8;04/12/2015
ibov;46393,3;03/12/2015
ibov;44914,5;02/12/2015
ibov;45046,8;01/12/2015
ibov;45120,4;30/11/2015
ibov;45872,9;27/11/2015
ibov;47145,6;26/11/2015
ibov;46866,6;25/11/2015
ibov;48284,2;24/11/2015
ibov;48150,3;23/11/2015
ibov;48138,9;20/11/2015
ibov;48138,9;19/11/2015
ibov;47435,6;18/11/2015
ibov;47247,8;17/11/2015
ibov;46846,9;16/11/2015
ibov;46517;13/11/2015
ibov;46883,6;12/11/2015
ibov;47065;11/11/2015
ibov;46206,6;10/11/2015
ibov;46194,9;09/11/2015
ibov;46918,5;06/11/2015
ibov;48046,8;05/11/2015
ibov;47710,1;04/11/2015
ibov;48053,7;03/11/2015
ibov;45868,8;02/11/2015
ibov;45868,8;30/10/2015
ibov;45628,4;29/10/2015
ibov;46740,8;28/10/2015
ibov;47042,9;27/10/2015
ibov;47209,3;26/10/2015
ibov;47596,6;23/10/2015
ibov;47772,1;22/10/2015
ibov;47025,9;21/10/2015
ibov;47076,6;20/10/2015
ibov;47447,3;19/10/2015
ibov;47236,1;16/10/2015
ibov;47161,1;15/10/2015
ibov;46710,4;14/10/2015
ibov;47362,6;13/10/2015
ibov;49338,4;12/10/2015
ibov;49338,4;09/10/2015
ibov;49106,6;08/10/2015
ibov;48914,3;07/10/2015
ibov;47735,1;06/10/2015
ibov;47598,1;05/10/2015
ibov;47033,5;02/10/2015
ibov;45313,3;01/10/2015
ibov;45059,3;30/09/2015
ibov;44131,8;29/09/2015
ibov;43956,6;28/09/2015
ibov;44831,5;25/09/2015
ibov;45292;24/09/2015
ibov;45340,1;23/09/2015
ibov;46264,6;22/09/2015
ibov;46590,2;21/09/2015
ibov;47264,1;18/09/2015
ibov;48551,1;17/09/2015
ibov;48553,1;16/09/2015
ibov;47364,1;15/09/2015
ibov;47281,5;14/09/2015
ibov;46400,5;11/09/2015
ibov;46504;10/09/2015
ibov;46657,1;09/09/2015
ibov;46762,1;08/09/2015
ibov;46497,7;07/09/2015
ibov;46497,7;04/09/2015
ibov;47365,9;03/09/2015
ibov;46464;02/09/2015
ibov;45477,1;01/09/2015
ibov;46625,5;31/08/2015
ibov;47153,9;28/08/2015
ibov;47715,3;27/08/2015
ibov;46038,1;26/08/2015
ibov;44544,9;25/08/2015
ibov;44336,5;24/08/2015
ibov;45719,6;21/08/2015
ibov;46649,2;20/08/2015
ibov;46588,4;19/08/2015
ibov;47450,6;18/08/2015
ibov;47217,4;17/08/2015
ibov;47508,4;14/08/2015
ibov;48009,6;13/08/2015
ibov;48388;12/08/2015
ibov;49072,3;11/08/2015
ibov;49353;10/08/2015
ibov;48577,3;07/08/2015
ibov;50011,3;06/08/2015
ibov;50287,3;05/08/2015
ibov;50058,5;04/08/2015
ibov;50138;03/08/2015
ibov;50864,8;31/07/2015
ibov;49897,4;30/07/2015
ibov;50245,1;29/07/2015
ibov;49601,6;28/07/2015
ibov;48735,5;27/07/2015
ibov;49245,8;24/07/2015
ibov;49806,6;23/07/2015
ibov;50915,8;22/07/2015
ibov;51474,3;21/07/2015
ibov;51600,1;20/07/2015
ibov;52341,8;17/07/2015
ibov;53069,8;16/07/2015
ibov;52902,3;15/07/2015
ibov;53239,2;14/07/2015
ibov;53119,5;13/07/2015
ibov;52590,7;10/07/2015
ibov;51781,8;09/07/2015
ibov;51781,8;08/07/2015
ibov;52343,7;07/07/2015
ibov;52149,4;06/07/2015
ibov;52519,4;03/07/2015
ibov;53106,2;02/07/2015
ibov;52757,5;01/07/2015
ibov;53080,9;30/06/2015
ibov;53014,2;29/06/2015
ibov;54017;26/06/2015
ibov;53175,7;25/06/2015
ibov;53842,5;24/06/2015
ibov;53772,4;23/06/2015
ibov;53863,7;22/06/2015
ibov;53749,4;19/06/2015
ibov;54238,6;18/06/2015
ibov;53248,5;17/06/2015
ibov;53702,2;16/06/2015
ibov;53137,5;15/06/2015
ibov;53347,5;12/06/2015
ibov;53688,5;11/06/2015
ibov;53876,4;10/06/2015
ibov;52816;09/06/2015
ibov;52809,6;08/06/2015
ibov;52973,4;05/06/2015
ibov;53522,9;04/06/2015
ibov;53522,9;03/06/2015
ibov;54236,4;02/06/2015
ibov;53031,3;01/06/2015
ibov;52760,5;29/05/2015
ibov;53976,3;28/05/2015
ibov;54236,3;27/05/2015
ibov;53629,8;26/05/2015
ibov;54609,3;25/05/2015
ibov;54377,3;22/05/2015
ibov;55112,1;21/05/2015
ibov;54901;20/05/2015
ibov;55498,8;19/05/2015
ibov;56204,2;18/05/2015
ibov;57248,6;15/05/2015
ibov;56656,6;14/05/2015
ibov;56372;13/05/2015
ibov;56792,1;12/05/2015
ibov;57197,1;11/05/2015
ibov;57149,3;08/05/2015
ibov;56921,4;07/05/2015
ibov;57103,1;06/05/2015
ibov;58051,6;05/05/2015
ibov;57354;04/05/2015
ibov;56229,4;01/05/2015
ibov;56229,4;30/04/2015
ibov;55325,3;29/04/2015
ibov;55812;28/04/2015
ibov;55534,5;27/04/2015
ibov;56594,2;24/04/2015
ibov;55684,9;23/04/2015
ibov;54617,4;22/04/2015
ibov;53761,3;21/04/2015
ibov;53761,3;20/04/2015
ibov;53954,8;17/04/2015
ibov;54674,2;16/04/2015
ibov;54918,7;15/04/2015
ibov;53981,9;14/04/2015
ibov;54239,8;13/04/2015
ibov;54214,1;10/04/2015
ibov;53802,7;09/04/2015
ibov;53661,1;08/04/2015
ibov;53729,2;07/04/2015
ibov;53737,3;06/04/2015
ibov;53123;03/04/2015
ibov;53123;02/04/2015
ibov;52321,8;01/04/2015
ibov;51150,2;31/03/2015
ibov;51243,4;30/03/2015
ibov;50094,7;27/03/2015
ibov;50579,9;26/03/2015
ibov;51858,3;25/03/2015
ibov;51506,1;24/03/2015
ibov;51908,5;23/03/2015
ibov;51966,6;20/03/2015
ibov;50953,5;19/03/2015
ibov;51526,2;18/03/2015
ibov;50285,1;17/03/2015
ibov;48848,2;16/03/2015
ibov;48595,8;13/03/2015
ibov;48880,4;12/03/2015
ibov;48905,6;11/03/2015
ibov;48293,4;10/03/2015
ibov;49181;09/03/2015
ibov;49981,2;06/03/2015
ibov;50365,2;05/03/2015
ibov;50468,1;04/03/2015
ibov;51304,1;03/03/2015
ibov;51020,8;02/03/2015
ibov;51583,1;27/02/2015
ibov;51760,5;26/02/2015
ibov;51811;25/02/2015
ibov;51874,2;24/02/2015
ibov;51280,6;23/02/2015
ibov;51237,7;20/02/2015
ibov;51294;19/02/2015
ibov;51280,4;18/02/2015
ibov;50635,9;17/02/2015
ibov;50635,9;16/02/2015
ibov;50635,9;13/02/2015
ibov;49532,7;12/02/2015
ibov;48239,7;11/02/2015
ibov;48510,3;10/02/2015
ibov;49382,6;09/02/2015
ibov;48792,3;06/02/2015
ibov;49233,9;05/02/2015
ibov;49301,1;04/02/2015
ibov;48963,7;03/02/2015
ibov;47650,7;02/02/2015
ibov;46907,7;30/01/2015
ibov;47762,2;29/01/2015
ibov;47694,5;28/01/2015
ibov;48591,2;27/01/2015
ibov;48576,6;26/01/2015
ibov;48775,3;23/01/2015
ibov;49442,6;22/01/2015
ibov;49224,1;21/01/2015
ibov;47876,7;20/01/2015
ibov;47758;19/01/2015
ibov;49016,5;16/01/2015
ibov;48026,3;15/01/2015
ibov;47645,9;14/01/2015
ibov;48041,7;13/01/2015
ibov;48139,7;12/01/2015
ibov;48840,3;09/01/2015
ibov;49943,3;08/01/2015
ibov;49462,9;07/01/2015
ibov;48000,9;06/01/2015
ibov;47516,8;05/01/2015
ibov;48512,2;02/01/2015
ibov;50007,4;01/01/2015
ibov;50007,4;31/12/2014
