;index;Product;MesAno;data;FinancialPrice;Mes_nomial;Mes;Ano;Retorno_1;Retorno
677;677;JPEIGLSP Index;10-2021;2021-10-20;333,0;Oct;10;2021;;
665;665;JPEIGLSP Index;09-2021;2021-09-30;324,37;Sep;9;2021;1,0266055;0,026605487
653;653;JPEIGLSP Index;08-2021;2021-08-31;327,44;Aug;8;2021;0,9906242;-0,009375811
641;641;JPEIGLSP Index;07-2021;2021-07-30;331,83;Jul;7;2021;0,9867704;-0,013229609
629;629;JPEIGLSP Index;06-2021;2021-06-30;312,5;Jun;6;2021;1,0618559;0,061855912
617;617;JPEIGLSP Index;05-2021;2021-05-31;316,64;May;5;2021;0,9869252;-0,013074815
605;605;JPEIGLSP Index;04-2021;2021-04-30;324,19;Apr;4;2021;0,9767112;-0,023288786
593;593;JPEIGLSP Index;03-2021;2021-03-31;341,93;Mar;3;2021;0,9481181;-0,05188191
581;581;JPEIGLSP Index;02-2021;2021-02-26;328,72;Feb;2;2021;1,0401862;0,040186167
570;570;JPEIGLSP Index;01-2021;2021-01-29;332,49;Jan;1;2021;0,98866135;-0,011338651
699;699;JPEIGLSP Index;12-2020;2020-12-31;341,19;Dec;12;2020;0,97450095;-0,025499046
688;688;JPEIGLSP Index;11-2020;2020-11-30;389,79;Nov;11;2020;0,87531745;-0,124682546
676;676;JPEIGLSP Index;10-2020;2020-10-30;397,51;Oct;10;2020;0,9805791;-0,019420922
664;664;JPEIGLSP Index;09-2020;2020-09-30;408,98;Sep;9;2020;0,97195464;-0,028045356
652;652;JPEIGLSP Index;08-2020;2020-08-31;397,33;Aug;8;2020;1,0293208;0,029320836
640;640;JPEIGLSP Index;07-2020;2020-07-31;428,47;Jul;7;2020;0,92732275;-0,072677255
628;628;JPEIGLSP Index;06-2020;2020-06-30;457,68;Jun;6;2020;0,93617815;-0,06382185
616;616;JPEIGLSP Index;05-2020;2020-05-29;558,28;May;5;2020;0,81980366;-0,18019634
604;604;JPEIGLSP Index;04-2020;2020-04-30;598,78;Apr;4;2020;0,9323625;-0,0676375
592;592;JPEIGLSP Index;03-2020;2020-03-31;661,75;Mar;3;2020;0,9048433;-0,09515673
580;580;JPEIGLSP Index;02-2020;2020-02-28;353,58;Feb;2;2020;1,8715708;0,8715708
569;569;JPEIGLSP Index;01-2020;2020-01-31;302,21;Jan;1;2020;1,1699811;0,16998112
698;698;JPEIGLSP Index;12-2019;2019-12-31;320,45;Dec;12;2019;0,94308;-0,056919992
687;687;JPEIGLSP Index;11-2019;2019-11-29;329,85;Nov;11;2019;0,97150224;-0,028497756
675;675;JPEIGLSP Index;10-2019;2019-10-31;351,8;Oct;10;2019;0,93760663;-0,062393367
663;663;JPEIGLSP Index;09-2019;2019-09-30;361,0;Sep;9;2019;0,9745152;-0,0254848
651;651;JPEIGLSP Index;08-2019;2019-08-30;386,5;Aug;8;2019;0,93402326;-0,06597674
639;639;JPEIGLSP Index;07-2019;2019-07-31;359,97;Jul;7;2019;1,0737005;0,07370055
627;627;JPEIGLSP Index;06-2019;2019-06-28;398,31;Jun;6;2019;0,9037433;-0,09625667
615;615;JPEIGLSP Index;05-2019;2019-05-31;392,68;May;5;2019;1,0143374;0,01433742
603;603;JPEIGLSP Index;04-2019;2019-04-30;370,76;Apr;4;2019;1,0591217;0,059121728
591;591;JPEIGLSP Index;03-2019;2019-03-29;380,51;Mar;3;2019;0,9743765;-0,0256235
579;579;JPEIGLSP Index;02-2019;2019-02-28;380,6;Feb;2;2019;0,99976355;-0,00023645163
568;568;JPEIGLSP Index;01-2019;2019-01-31;440,61;Jan;1;2019;0,8638025;-0,1361975
697;697;JPEIGLSP Index;12-2018;2018-12-31;434,61;Dec;12;2018;1,0138055;0,013805509
686;686;JPEIGLSP Index;11-2018;2018-11-30;429,91;Nov;11;2018;1,0109324;0,0109324455
674;674;JPEIGLSP Index;10-2018;2018-10-31;395,37;Oct;10;2018;1,0873612;0,08736122
662;662;JPEIGLSP Index;09-2018;2018-09-28;406,88;Sep;9;2018;0,9717115;-0,028288484
650;650;JPEIGLSP Index;08-2018;2018-08-31;404,59;Aug;8;2018;1,00566;0,005660057
638;638;JPEIGLSP Index;07-2018;2018-07-31;389,04;Jul;7;2018;1,0399702;0,03997016
626;626;JPEIGLSP Index;06-2018;2018-06-29;394,26;Jun;6;2018;0,98676;-0,01323998
614;614;JPEIGLSP Index;05-2018;2018-05-31;366,68;May;5;2018;1,0752155;0,07521546
602;602;JPEIGLSP Index;04-2018;2018-04-30;334,93;Apr;4;2018;1,094796;0,09479594
590;590;JPEIGLSP Index;03-2018;2018-03-30;329,42;Mar;3;2018;1,0167263;0,016726255
578;578;JPEIGLSP Index;02-2018;2018-02-28;322,07;Feb;2;2018;1,0228212;0,022821188
567;567;JPEIGLSP Index;01-2018;2018-01-31;310,98;Jan;1;2018;1,0356615;0,03566146
696;696;JPEIGLSP Index;12-2017;2017-12-29;317,27;Dec;12;2017;0,98017466;-0,01982534
685;685;JPEIGLSP Index;11-2017;2017-11-30;329,79;Nov;11;2017;0,9620364;-0,03796363
673;673;JPEIGLSP Index;10-2017;2017-10-31;309,62;Oct;10;2017;1,0651444;0,06514442
661;661;JPEIGLSP Index;09-2017;2017-09-29;321,71;Sep;9;2017;0,96241957;-0,03758043
649;649;JPEIGLSP Index;08-2017;2017-08-31;333,8;Aug;8;2017;0,9637807;-0,0362193
637;637;JPEIGLSP Index;07-2017;2017-07-31;334,1;Jul;7;2017;0,999102;-0,0008980036
625;625;JPEIGLSP Index;06-2017;2017-06-30;334,76;Jun;6;2017;0,99802846;-0,0019715428
613;613;JPEIGLSP Index;05-2017;2017-05-31;330,9;May;5;2017;1,0116652;0,011665225
601;601;JPEIGLSP Index;04-2017;2017-04-28;338,78;Apr;4;2017;0,97674006;-0,023259938
589;589;JPEIGLSP Index;03-2017;2017-03-31;338,53;Mar;3;2017;1,0007385;0,00073850155
577;577;JPEIGLSP Index;02-2017;2017-02-28;348,18;Feb;2;2017;0,9722845;-0,027715504
566;566;JPEIGLSP Index;01-2017;2017-01-31;365,38;Jan;1;2017;0,9529257;-0,047074318
695;695;JPEIGLSP Index;12-2016;2016-12-30;392,95;Dec;12;2016;0,92983836;-0,07016164
684;684;JPEIGLSP Index;11-2016;2016-11-30;406,94;Nov;11;2016;0,9656215;-0,03437853
672;672;JPEIGLSP Index;10-2016;2016-10-31;365,73;Oct;10;2016;1,1126788;0,112678766
660;660;JPEIGLSP Index;09-2016;2016-09-30;370,95;Sep;9;2016;0,985928;-0,014072001
648;648;JPEIGLSP Index;08-2016;2016-08-31;388,97;Aug;8;2016;0,9536725;-0,04632747
636;636;JPEIGLSP Index;07-2016;2016-07-29;404,15;Jul;7;2016;0,9624397;-0,037560284
624;624;JPEIGLSP Index;06-2016;2016-06-30;434,65;Jun;6;2016;0,9298286;-0,070171416
612;612;JPEIGLSP Index;05-2016;2016-05-31;426,05;May;5;2016;1,0201855;0,02018547
600;600;JPEIGLSP Index;04-2016;2016-04-29;446,03;Apr;4;2016;0,9552048;-0,044795215
588;588;JPEIGLSP Index;03-2016;2016-03-31;469,11;Mar;3;2016;0,9508005;-0,04919952
576;576;JPEIGLSP Index;02-2016;2016-02-29;538,38;Feb;2;2016;0,8713362;-0,12866378
565;565;JPEIGLSP Index;01-2016;2016-01-29;519,06;Jan;1;2016;1,0372212;0,037221193
694;694;JPEIGLSP Index;12-2015;2015-12-31;457,15;Dec;12;2015;1,135426;0,13542604
683;683;JPEIGLSP Index;11-2015;2015-11-30;420,82;Nov;11;2015;1,0863314;0,08633137
671;671;JPEIGLSP Index;10-2015;2015-10-30;469,6;Oct;10;2015;0,89612436;-0,10387564
659;659;JPEIGLSP Index;09-2015;2015-09-30;483,12;Sep;9;2015;0,97201526;-0,027984738
647;647;JPEIGLSP Index;08-2015;2015-08-31;473,79;Aug;8;2015;1,0196922;0,019692183
635;635;JPEIGLSP Index;07-2015;2015-07-31;418,51;Jul;7;2015;1,1320876;0,13208759
623;623;JPEIGLSP Index;06-2015;2015-06-30;400,88;Jun;6;2015;1,0439782;0,043978214
611;611;JPEIGLSP Index;05-2015;2015-05-29;381,12;May;5;2015;1,0518472;0,05184722
599;599;JPEIGLSP Index;04-2015;2015-04-30;407,54;Apr;4;2015;0,93517196;-0,06482804
587;587;JPEIGLSP Index;03-2015;2015-03-31;441,58;Mar;3;2015;0,9229132;-0,07708681
575;575;JPEIGLSP Index;02-2015;2015-02-27;448,79;Feb;2;2015;0,9839345;-0,016065478
564;564;JPEIGLSP Index;01-2015;2015-01-30;454,84;Jan;1;2015;0,9866986;-0,0133013725
693;693;JPEIGLSP Index;12-2014;2014-12-31;477,58;Dec;12;2014;0,95238495;-0,04761505
682;682;JPEIGLSP Index;11-2014;2014-11-28;358,35;Nov;11;2014;1,3327193;0,33271933
670;670;JPEIGLSP Index;10-2014;2014-10-31;372,15;Oct;10;2014;0,9629182;-0,037081778
658;658;JPEIGLSP Index;09-2014;2014-09-30;333,62;Sep;9;2014;1,1154907;0,115490675
646;646;JPEIGLSP Index;08-2014;2014-08-29;321,59;Aug;8;2014;1,0374079;0,037407875
634;634;JPEIGLSP Index;07-2014;2014-07-31;291,64;Jul;7;2014;1,102695;0,10269499
622;622;JPEIGLSP Index;06-2014;2014-06-30;289,32;Jun;6;2014;1,0080189;0,008018851
610;610;JPEIGLSP Index;05-2014;2014-05-30;317,29;May;5;2014;0,91184723;-0,088152766
598;598;JPEIGLSP Index;04-2014;2014-04-30;323,02;Apr;4;2014;0,98226124;-0,01773876
586;586;JPEIGLSP Index;03-2014;2014-03-31;357,97;Mar;3;2014;0,9023661;-0,0976339
574;574;JPEIGLSP Index;02-2014;2014-02-28;396,51;Feb;2;2014;0,90280193;-0,09719807
563;563;JPEIGLSP Index;01-2014;2014-01-31;389,86;Jan;1;2014;1,0170574;0,017057419
692;692;JPEIGLSP Index;12-2013;2013-12-31;361,48;Dec;12;2013;1,0785105;0,07851052
681;681;JPEIGLSP Index;11-2013;2013-11-29;360,97;Nov;11;2013;1,0014129;0,0014128685
669;669;JPEIGLSP Index;10-2013;2013-10-31;357,32;Oct;10;2013;1,0102149;0,010214925
657;657;JPEIGLSP Index;09-2013;2013-09-30;375,11;Sep;9;2013;0,95257396;-0,047426045
645;645;JPEIGLSP Index;08-2013;2013-08-30;377,67;Aug;8;2013;0,9932215;-0,0067784786
633;633;JPEIGLSP Index;07-2013;2013-07-31;356,28;Jul;7;2013;1,0600371;0,060037136
621;621;JPEIGLSP Index;06-2013;2013-06-28;395,32;Jun;6;2013;0,9012445;-0,09875548
609;609;JPEIGLSP Index;05-2013;2013-05-31;306,9;May;5;2013;1,2881069;0,28810692
597;597;JPEIGLSP Index;04-2013;2013-04-30;308,14;Apr;4;2013;0,9959758;-0,0040242076
585;585;JPEIGLSP Index;03-2013;2013-03-29;307,73;Mar;3;2013;1,0013324;0,0013324022
573;573;JPEIGLSP Index;02-2013;2013-02-28;290,45;Feb;2;2013;1,0594939;0,0594939
562;562;JPEIGLSP Index;01-2013;2013-01-31;270,74;Jan;1;2013;1,0728005;0,07280052
691;691;JPEIGLSP Index;12-2012;2012-12-31;284,58;Dec;12;2012;0,95136696;-0,04863304
680;680;JPEIGLSP Index;11-2012;2012-11-30;307,05;Nov;11;2012;0,92681974;-0,07318026
668;668;JPEIGLSP Index;10-2012;2012-10-31;303,79;Oct;10;2012;1,010731;0,010730982
656;656;JPEIGLSP Index;09-2012;2012-09-28;325,45;Sep;9;2012;0,933446;-0,06655401
644;644;JPEIGLSP Index;08-2012;2012-08-31;337,81;Aug;8;2012;0,96341145;-0,03658855
632;632;JPEIGLSP Index;07-2012;2012-07-31;377,75;Jul;7;2012;0,8942687;-0,10573131
620;620;JPEIGLSP Index;06-2012;2012-06-29;440,56;Jun;6;2012;0,8574315;-0,14256853
608;608;JPEIGLSP Index;05-2012;2012-05-31;428,98;May;5;2012;1,0269942;0,026994228
596;596;JPEIGLSP Index;04-2012;2012-04-30;367,42;Apr;4;2012;1,1675466;0,16754663
584;584;JPEIGLSP Index;03-2012;2012-03-30;357,78;Mar;3;2012;1,0269439;0,026943922
572;572;JPEIGLSP Index;02-2012;2012-02-29;401,6;Feb;2;2012;0,8908864;-0,109113574
561;561;JPEIGLSP Index;01-2012;2012-01-31;440,85;Jan;1;2012;0,91096747;-0,08903253
690;690;JPEIGLSP Index;12-2011;2011-12-30;432,73;Dec;12;2011;1,0187646;0,018764615
679;679;JPEIGLSP Index;11-2011;2011-11-30;442,46;Nov;11;2011;0,97800934;-0,021990657
667;667;JPEIGLSP Index;10-2011;2011-10-31;489,83;Oct;10;2011;0,903293;-0,09670699
655;655;JPEIGLSP Index;09-2011;2011-09-30;467,77;Sep;9;2011;1,0471599;0,04715991
643;643;JPEIGLSP Index;08-2011;2011-08-31;380,04;Aug;8;2011;1,230844;0,23084402
631;631;JPEIGLSP Index;07-2011;2011-07-29;316,03;Jul;7;2011;1,2025441;0,2025441
619;619;JPEIGLSP Index;06-2011;2011-06-30;331,13;Jun;6;2011;0,9543986;-0,045601428
607;607;JPEIGLSP Index;05-2011;2011-05-31;315,6;May;5;2011;1,0492078;0,049207807
595;595;JPEIGLSP Index;04-2011;2011-04-29;307,95;Apr;4;2011;1,0248417;0,024841666
583;583;JPEIGLSP Index;03-2011;2011-03-31;318,13;Mar;3;2011;0,96800053;-0,03199947
571;571;JPEIGLSP Index;02-2011;2011-02-28;303,7;Feb;2;2011;1,047514;0,04751396
560;560;JPEIGLSP Index;01-2011;2011-01-31;305,23;Jan;1;2011;0,99498737;-0,0050126314
689;689;JPEIGLSP Index;12-2010;2010-12-31;300,26;Dec;12;2010;1,0165523;0,016552329
678;678;JPEIGLSP Index;11-2010;2010-11-30;321,67;Nov;11;2010;0,9334411;-0,0665589
666;666;JPEIGLSP Index;10-2010;2010-10-29;304,86;Oct;10;2010;1,0551401;0,055140138
654;654;JPEIGLSP Index;09-2010;2010-09-30;317,18;Sep;9;2010;0,9611577;-0,03884232
642;642;JPEIGLSP Index;08-2010;2010-08-31;325,64;Aug;8;2010;0,9740203;-0,025979698
630;630;JPEIGLSP Index;07-2010;2010-07-30;363,09;Jul;7;2010;0,89685756;-0,10314244
618;618;JPEIGLSP Index;06-2010;2010-06-30;363,26;Jun;6;2010;0,999532;-0,00046801567
606;606;JPEIGLSP Index;05-2010;2010-05-31;369,62;May;5;2010;0,98279315;-0,017206848
594;594;JPEIGLSP Index;04-2010;2010-04-30;274,4;Apr;4;2010;1,3470117;0,3470117
582;582;JPEIGLSP Index;03-2010;2010-03-31;261,33;Mar;3;2010;1,0500134;0,050013423
537;537;DXY Index;10-2021;2021-10-20;94,516;Oct;10;2021;;
525;525;DXY Index;09-2021;2021-09-30;94,338;Sep;9;2021;1,0018868;0,0018868446
513;513;DXY Index;08-2021;2021-08-31;93,568;Aug;8;2021;1,0082293;0,008229256
501;501;DXY Index;07-2021;2021-07-30;92,973;Jul;7;2021;1,0063998;0,0063997507
489;489;DXY Index;06-2021;2021-06-30;92,225;Jun;6;2021;1,0081106;0,008110642
477;477;DXY Index;05-2021;2021-05-31;91,308;May;5;2021;1,0100429;0,010042906
465;465;DXY Index;04-2021;2021-04-30;93,232;Apr;4;2021;0,97936326;-0,020636737
453;453;DXY Index;03-2021;2021-03-31;93,297;Mar;3;2021;0,99930334;-0,0006966591
441;441;DXY Index;02-2021;2021-02-26;91,529;Feb;2;2021;1,0193163;0,019316316
430;430;DXY Index;01-2021;2021-01-29;90,772;Jan;1;2021;1,0083395;0,008339524
559;559;DXY Index;12-2020;2020-12-31;91,869;Dec;12;2020;0,9880591;-0,0119408965
548;548;DXY Index;11-2020;2020-11-30;94,129;Nov;11;2020;0,9759905;-0,024009526
536;536;DXY Index;10-2020;2020-10-30;93,955;Oct;10;2020;1,0018519;0,0018519163
524;524;DXY Index;09-2020;2020-09-30;94,642;Sep;9;2020;0,9927411;-0,007258892
512;512;DXY Index;08-2020;2020-08-31;93,628;Aug;8;2020;1,01083;0,010830045
500;500;DXY Index;07-2020;2020-07-31;97,391;Jul;7;2020;0,96136194;-0,038638055
488;488;DXY Index;06-2020;2020-06-30;98,344;Jun;6;2020;0,9903095;-0,009690523
476;476;DXY Index;05-2020;2020-05-29;99,933;May;5;2020;0,9840994;-0,015900612
464;464;DXY Index;04-2020;2020-04-30;99,955;Apr;4;2020;0,9997799;-0,00022011995
452;452;DXY Index;03-2020;2020-03-31;99,575;Mar;3;2020;1,0038162;0,003816247
440;440;DXY Index;02-2020;2020-02-28;99,865;Feb;2;2020;0,99709606;-0,0029039383
429;429;DXY Index;01-2020;2020-01-31;98,018;Jan;1;2020;1,0188435;0,018843532
558;558;DXY Index;12-2019;2019-12-31;98,273;Dec;12;2019;0,9974051;-0,0025948882
547;547;DXY Index;11-2019;2019-11-29;98,373;Nov;11;2019;0,9989835;-0,0010164976
535;535;DXY Index;10-2019;2019-10-31;99,377;Oct;10;2019;0,9898971;-0,010102928
523;523;DXY Index;09-2019;2019-09-30;99,132;Sep;9;2019;1,0024714;0,002471447
511;511;DXY Index;08-2019;2019-08-30;98,516;Aug;8;2019;1,0062529;0,006252885
499;499;DXY Index;07-2019;2019-07-31;98,05;Jul;7;2019;1,0047526;0,004752636
487;487;DXY Index;06-2019;2019-06-28;97,75;Jun;6;2019;1,003069;0,0030690432
475;475;DXY Index;05-2019;2019-05-31;98,144;May;5;2019;0,9959855;-0,004014492
463;463;DXY Index;04-2019;2019-04-30;98,203;Apr;4;2019;0,9993991;-0,0006008744
451;451;DXY Index;03-2019;2019-03-29;97,667;Mar;3;2019;1,005488;0,005488038
439;439;DXY Index;02-2019;2019-02-28;97,129;Feb;2;2019;1,0055391;0,0055390596
428;428;DXY Index;01-2019;2019-01-31;96,819;Jan;1;2019;1,0032018;0,0032018423
557;557;DXY Index;12-2018;2018-12-31;97,443;Dec;12;2018;0,99359626;-0,006403744
546;546;DXY Index;11-2018;2018-11-30;97,542;Nov;11;2018;0,99898505;-0,0010149479
534;534;DXY Index;10-2018;2018-10-31;97,011;Oct;10;2018;1,0054736;0,0054736137
522;522;DXY Index;09-2018;2018-09-28;95,439;Sep;9;2018;1,0164713;0,016471267
510;510;DXY Index;08-2018;2018-08-31;96,731;Aug;8;2018;0,9866434;-0,013356626
498;498;DXY Index;07-2018;2018-07-31;95,164;Jul;7;2018;1,0164664;0,01646638
486;486;DXY Index;06-2018;2018-06-29;95,312;Jun;6;2018;0,99844724;-0,0015527606
474;474;DXY Index;05-2018;2018-05-31;94,82;May;5;2018;1,0051887;0,0051887035
462;462;DXY Index;04-2018;2018-04-30;91,561;Apr;4;2018;1,0355937;0,035593748
450;450;DXY Index;03-2018;2018-03-30;90,613;Mar;3;2018;1,010462;0,010462046
438;438;DXY Index;02-2018;2018-02-28;90,442;Feb;2;2018;1,0018907;0,0018906593
427;427;DXY Index;01-2018;2018-01-31;92,528;Jan;1;2018;0,9774555;-0,022544503
556;556;DXY Index;12-2017;2017-12-29;94,101;Dec;12;2017;0,98328394;-0,016716063
545;545;DXY Index;11-2017;2017-11-30;94,941;Nov;11;2017;0,99115235;-0,008847654
533;533;DXY Index;10-2017;2017-10-31;94,916;Oct;10;2017;1,0002635;0,00026345253
521;521;DXY Index;09-2017;2017-09-29;93,361;Sep;9;2017;1,0166558;0,016655803
509;509;DXY Index;08-2017;2017-08-31;93,853;Aug;8;2017;0,9947578;-0,0052422285
497;497;DXY Index;07-2017;2017-07-31;96,29;Jul;7;2017;0,974691;-0,025309026
485;485;DXY Index;06-2017;2017-06-30;97,76;Jun;6;2017;0,9849632;-0,015036821
473;473;DXY Index;05-2017;2017-05-31;99,669;May;5;2017;0,98084664;-0,019153357
461;461;DXY Index;04-2017;2017-04-28;99,977;Apr;4;2017;0,99691933;-0,003080666
449;449;DXY Index;03-2017;2017-03-31;99,998;Mar;3;2017;0,99978995;-0,00021004677
437;437;DXY Index;02-2017;2017-02-28;99,907;Feb;2;2017;1,0009109;0,0009108782
426;426;DXY Index;01-2017;2017-01-31;103,21;Jan;1;2017;0,96799725;-0,032002747
555;555;DXY Index;12-2016;2016-12-30;103,3;Dec;12;2016;0,9991287;-0,0008713007
544;544;DXY Index;11-2016;2016-11-30;99,06;Nov;11;2016;1,0428025;0,042802453
532;532;DXY Index;10-2016;2016-10-31;98,888;Oct;10;2016;1,0017393;0,0017392635
520;520;DXY Index;09-2016;2016-09-30;96,108;Sep;9;2016;1,0289258;0,028925776
508;508;DXY Index;08-2016;2016-08-31;96,401;Aug;8;2016;0,99696064;-0,00303936
496;496;DXY Index;07-2016;2016-07-29;97,467;Jul;7;2016;0,98906296;-0,010937035
484;484;DXY Index;06-2016;2016-06-30;96,544;Jun;6;2016;1,0095605;0,009560466
472;472;DXY Index;05-2016;2016-05-31;95,571;May;5;2016;1,010181;0,01018095
460;460;DXY Index;04-2016;2016-04-29;95,116;Apr;4;2016;1,0047836;0,0047836304
448;448;DXY Index;03-2016;2016-03-31;98,352;Mar;3;2016;0,96709776;-0,03290224
436;436;DXY Index;02-2016;2016-02-29;99,606;Feb;2;2016;0,98741037;-0,012589633
425;425;DXY Index;01-2016;2016-01-29;99,574;Jan;1;2016;1,0003214;0,00032138824
554;554;DXY Index;12-2015;2015-12-31;99,993;Dec;12;2015;0,99580973;-0,004190266
543;543;DXY Index;11-2015;2015-11-30;99,803;Nov;11;2015;1,0019037;0,0019036531
531;531;DXY Index;10-2015;2015-10-30;97,782;Oct;10;2015;1,0206685;0,020668507
519;519;DXY Index;09-2015;2015-09-30;96,405;Sep;9;2015;1,0142835;0,014283538
507;507;DXY Index;08-2015;2015-08-31;97,958;Aug;8;2015;0,98414624;-0,015853763
495;495;DXY Index;07-2015;2015-07-31;98,029;Jul;7;2015;0,99927574;-0,00072425604
483;483;DXY Index;06-2015;2015-06-30;97,392;Jun;6;2015;1,0065405;0,006540537
471;471;DXY Index;05-2015;2015-05-29;97,371;May;5;2015;1,0002156;0,0002156496
459;459;DXY Index;04-2015;2015-04-30;99,49;Apr;4;2015;0,9787014;-0,021298587
447;447;DXY Index;03-2015;2015-03-31;99,795;Mar;3;2015;0,9969437;-0,0030562878
435;435;DXY Index;02-2015;2015-02-27;95,292;Feb;2;2015;1,0472547;0,04725468
424;424;DXY Index;01-2015;2015-01-30;94,802;Jan;1;2015;1,0051687;0,0051686764
553;553;DXY Index;12-2014;2014-12-31;90,19;Dec;12;2014;1,0511365;0,051136494
542;542;DXY Index;11-2014;2014-11-28;88,31;Nov;11;2014;1,0212888;0,021288753
530;530;DXY Index;10-2014;2014-10-31;86,694;Oct;10;2014;1,0186403;0,01864028
518;518;DXY Index;09-2014;2014-09-30;85,64;Sep;9;2014;1,0123073;0,012307286
506;506;DXY Index;08-2014;2014-08-29;82,65;Aug;8;2014;1,0361767;0,03617668
494;494;DXY Index;07-2014;2014-07-31;81,432;Jul;7;2014;1,0149573;0,014957309
482;482;DXY Index;06-2014;2014-06-30;80,82;Jun;6;2014;1,0075724;0,0075724125
470;470;DXY Index;05-2014;2014-05-30;80,571;May;5;2014;1,0030905;0,0030905008
458;458;DXY Index;04-2014;2014-04-30;80,475;Apr;4;2014;1,0011929;0,0011929274
446;446;DXY Index;03-2014;2014-03-31;80,192;Mar;3;2014;1,003529;0,0035289526
434;434;DXY Index;02-2014;2014-02-28;81,311;Feb;2;2014;0,98623806;-0,013761938
423;423;DXY Index;01-2014;2014-01-31;81,225;Jan;1;2014;1,0010588;0,0010588169
552;552;DXY Index;12-2013;2013-12-31;80,925;Dec;12;2013;1,003707;0,0037070513
541;541;DXY Index;11-2013;2013-11-29;81,303;Nov;11;2013;0,9953507;-0,0046492815
529;529;DXY Index;10-2013;2013-10-31;80,482;Oct;10;2013;1,010201;0,010200977
517;517;DXY Index;09-2013;2013-09-30;82,633;Sep;9;2013;0,9739692;-0,026030779
505;505;DXY Index;08-2013;2013-08-30;82,336;Aug;8;2013;1,0036073;0,003607273
493;493;DXY Index;07-2013;2013-07-31;84,58;Jul;7;2013;0,97346884;-0,02653116
481;481;DXY Index;06-2013;2013-06-28;83,375;Jun;6;2013;1,0144528;0,014452815
469;469;DXY Index;05-2013;2013-05-31;84,352;May;5;2013;0,9884176;-0,011582375
457;457;DXY Index;04-2013;2013-04-30;83,048;Apr;4;2013;1,0157018;0,01570177
445;445;DXY Index;03-2013;2013-03-29;83,221;Mar;3;2013;0,99792117;-0,0020788312
433;433;DXY Index;02-2013;2013-02-28;81,87;Feb;2;2013;1,0165018;0,016501784
422;422;DXY Index;01-2013;2013-01-31;80,557;Jan;1;2013;1,016299;0,01629901
551;551;DXY Index;12-2012;2012-12-31;80,408;Dec;12;2012;1,0018531;0,0018531084
540;540;DXY Index;11-2012;2012-11-30;81,257;Nov;11;2012;0,9895516;-0,010448396
528;528;DXY Index;10-2012;2012-10-31;80,232;Oct;10;2012;1,0127754;0,012775421
516;516;DXY Index;09-2012;2012-09-28;81,312;Sep;9;2012;0,9867179;-0,01328212
504;504;DXY Index;08-2012;2012-08-31;83,361;Aug;8;2012;0,9754201;-0,024579883
492;492;DXY Index;07-2012;2012-07-31;84,005;Jul;7;2012;0,9923338;-0,0076661706
480;480;DXY Index;06-2012;2012-06-29;83,043;Jun;6;2012;1,0115843;0,011584282
468;468;DXY Index;05-2012;2012-05-31;83,018;May;5;2012;1,0003011;0,00030112267
456;456;DXY Index;04-2012;2012-04-30;80,076;Apr;4;2012;1,0367401;0,036740065
444;444;DXY Index;03-2012;2012-03-30;80,565;Mar;3;2012;0,9939303;-0,00606972
432;432;DXY Index;02-2012;2012-02-29;79,67;Feb;2;2012;1,0112339;0,011233926
421;421;DXY Index;01-2012;2012-01-31;81,515;Jan;1;2012;0,9773661;-0,02263391
550;550;DXY Index;12-2011;2011-12-30;80,589;Dec;12;2011;1,0114905;0,011490464
539;539;DXY Index;11-2011;2011-11-30;79,686;Nov;11;2011;1,011332;0,011332035
527;527;DXY Index;10-2011;2011-10-31;79,597;Oct;10;2011;1,0011181;0,0011180639
515;515;DXY Index;09-2011;2011-09-30;78,501;Sep;9;2011;1,0139617;0,013961673
503;503;DXY Index;08-2011;2011-08-31;75,124;Aug;8;2011;1,0449523;0,044952273
491;491;DXY Index;07-2011;2011-07-29;75,989;Jul;7;2011;0,9886168;-0,011383176
479;479;DXY Index;06-2011;2011-06-30;75,752;Jun;6;2011;1,0031286;0,0031286478
467;467;DXY Index;05-2011;2011-05-31;76,104;May;5;2011;0,9953748;-0,004625201
455;455;DXY Index;04-2011;2011-04-29;75,912;Apr;4;2011;1,0025291;0,0025291443
443;443;DXY Index;03-2011;2011-03-31;77,276;Mar;3;2011;0,982349;-0,017651021
431;431;DXY Index;02-2011;2011-02-28;78,614;Feb;2;2011;0,9829802;-0,017019808
420;420;DXY Index;01-2011;2011-01-31;81,012;Jan;1;2011;0,97039944;-0,02960056
549;549;DXY Index;12-2010;2010-12-31;81,195;Dec;12;2010;0,99774617;-0,0022538304
538;538;DXY Index;11-2010;2010-11-30;80,835;Nov;11;2010;1,0044535;0,00445354
526;526;DXY Index;10-2010;2010-10-29;78,72;Oct;10;2010;1,0268674;0,02686739
514;514;DXY Index;09-2010;2010-09-30;83,202;Sep;9;2010;0,94613105;-0,05386895
502;502;DXY Index;08-2010;2010-08-31;83,261;Aug;8;2010;0,9992914;-0,00070858
490;490;DXY Index;07-2010;2010-07-30;86,019;Jul;7;2010;0,96793735;-0,03206265
478;478;DXY Index;06-2010;2010-06-30;88,405;Jun;6;2010;0,97301054;-0,02698946
466;466;DXY Index;05-2010;2010-05-31;87,162;May;5;2010;1,0142608;0,014260769
454;454;DXY Index;04-2010;2010-04-30;82,381;Apr;4;2010;1,0580353;0,058035254
442;442;DXY Index;03-2010;2010-03-31;82,12;Mar;3;2010;1,0031782;0,0031782389
397;397;CAD Curncy;10-2021;2021-10-20;1,268;Oct;10;2021;;
385;385;CAD Curncy;09-2021;2021-09-30;1,2822;Sep;9;2021;0,9889253;-0,011074722
373;373;CAD Curncy;08-2021;2021-08-31;1,2828;Aug;8;2021;0,9995323;-0,00046771765
361;361;CAD Curncy;07-2021;2021-07-30;1,275;Jul;7;2021;1,0061176;0,0061175823
349;349;CAD Curncy;06-2021;2021-06-30;1,2465;Jun;6;2021;1,022864;0,022863984
337;337;CAD Curncy;05-2021;2021-05-31;1,2309;May;5;2021;1,0126736;0,012673616
325;325;CAD Curncy;04-2021;2021-04-30;1,2609;Apr;4;2021;0,9762075;-0,023792505
313;313;CAD Curncy;03-2021;2021-03-31;1,2738;Mar;3;2021;0,9898728;-0,010127187
301;301;CAD Curncy;02-2021;2021-02-26;1,2851;Feb;2;2021;0,99120694;-0,008793056
290;290;CAD Curncy;01-2021;2021-01-29;1,283;Jan;1;2021;1,0016367;0,0016367435
419;419;CAD Curncy;12-2020;2020-12-31;1,3001;Dec;12;2020;0,98684716;-0,013152838
408;408;CAD Curncy;11-2020;2020-11-30;1,3321;Nov;11;2020;0,9759777;-0,024022281
396;396;CAD Curncy;10-2020;2020-10-30;1,3325;Oct;10;2020;0,99969983;-0,000300169
384;384;CAD Curncy;09-2020;2020-09-30;1,3388;Sep;9;2020;0,99529433;-0,0047056675
372;372;CAD Curncy;08-2020;2020-08-31;1,3412;Aug;8;2020;0,99821055;-0,0017894506
360;360;CAD Curncy;07-2020;2020-07-31;1,3615;Jul;7;2020;0,98508996;-0,014910042
348;348;CAD Curncy;06-2020;2020-06-30;1,378;Jun;6;2020;0,98802614;-0,011973858
336;336;CAD Curncy;05-2020;2020-05-29;1,4146;May;5;2020;0,974127;-0,025873005
324;324;CAD Curncy;04-2020;2020-04-30;1,4211;Apr;4;2020;0,99542606;-0,004573941
312;312;CAD Curncy;03-2020;2020-03-31;1,4511;Mar;3;2020;0,97932607;-0,02067393
300;300;CAD Curncy;02-2020;2020-02-28;1,3391;Feb;2;2020;1,0836383;0,08363831
289;289;CAD Curncy;01-2020;2020-01-31;1,3209;Jan;1;2020;1,0137786;0,013778567
418;418;CAD Curncy;12-2019;2019-12-31;1,3308;Dec;12;2019;0,9925608;-0,007439196
407;407;CAD Curncy;11-2019;2019-11-29;1,3304;Nov;11;2019;1,0003008;0,00030076504
395;395;CAD Curncy;10-2019;2019-10-31;1,3337;Oct;10;2019;0,9975257;-0,002474308
383;383;CAD Curncy;09-2019;2019-09-30;1,3337;Sep;9;2019;1,0;0,0
371;371;CAD Curncy;08-2019;2019-08-30;1,3324;Aug;8;2019;1,0009756;0,0009756088
359;359;CAD Curncy;07-2019;2019-07-31;1,3166;Jul;7;2019;1,0120006;0,012000561
347;347;CAD Curncy;06-2019;2019-06-28;1,3516;Jun;6;2019;0,9741047;-0,025895298
335;335;CAD Curncy;05-2019;2019-05-31;1,3519;May;5;2019;0,99977815;-0,00022184849
323;323;CAD Curncy;04-2019;2019-04-30;1,3493;Apr;4;2019;1,0019269;0,001926899
311;311;CAD Curncy;03-2019;2019-03-29;1,3455;Mar;3;2019;1,0028243;0,0028243065
299;299;CAD Curncy;02-2019;2019-02-28;1,3308;Feb;2;2019;1,0110459;0,011045933
288;288;CAD Curncy;01-2019;2019-01-31;1,3637;Jan;1;2019;0,9758745;-0,024125516
417;417;CAD Curncy;12-2018;2018-12-31;1,3638;Dec;12;2018;0,9999267;-7,331371e-05
406;406;CAD Curncy;11-2018;2018-11-30;1,3306;Nov;11;2018;1,0249512;0,02495122
394;394;CAD Curncy;10-2018;2018-10-31;1,3134;Oct;10;2018;1,0130957;0,0130957365
382;382;CAD Curncy;09-2018;2018-09-28;1,3189;Sep;9;2018;0,9958299;-0,0041701198
370;370;CAD Curncy;08-2018;2018-08-31;1,3156;Aug;8;2018;1,0025083;0,0025082827
358;358;CAD Curncy;07-2018;2018-07-31;1,3273;Jul;7;2018;0,9911852;-0,008814812
346;346;CAD Curncy;06-2018;2018-06-29;1,3342;Jun;6;2018;0,9948283;-0,005171716
334;334;CAD Curncy;05-2018;2018-05-31;1,3018;May;5;2018;1,0248886;0,024888635
322;322;CAD Curncy;04-2018;2018-04-30;1,2913;Apr;4;2018;1,0081313;0,008131266
310;310;CAD Curncy;03-2018;2018-03-30;1,3096;Mar;3;2018;0,9860263;-0,013973713
298;298;CAD Curncy;02-2018;2018-02-28;1,2776;Feb;2;2018;1,025047;0,025046945
287;287;CAD Curncy;01-2018;2018-01-31;1,2571;Jan;1;2018;1,0163075;0,016307473
416;416;CAD Curncy;12-2017;2017-12-29;1,2897;Dec;12;2017;0,97472274;-0,025277257
405;405;CAD Curncy;11-2017;2017-11-30;1,2888;Nov;11;2017;1,0006983;0,000698328
393;393;CAD Curncy;10-2017;2017-10-31;1,2847;Oct;10;2017;1,0031914;0,003191352
381;381;CAD Curncy;09-2017;2017-09-29;1,2482;Sep;9;2017;1,029242;0,029242039
369;369;CAD Curncy;08-2017;2017-08-31;1,2757;Aug;8;2017;0,97844326;-0,021556735
357;357;CAD Curncy;07-2017;2017-07-31;1,3007;Jul;7;2017;0,9807796;-0,019220412
345;345;CAD Curncy;06-2017;2017-06-30;1,3515;Jun;6;2017;0,96241206;-0,03758794
333;333;CAD Curncy;05-2017;2017-05-31;1,3749;May;5;2017;0,9829806;-0,017019391
321;321;CAD Curncy;04-2017;2017-04-28;1,3633;Apr;4;2017;1,0085088;0,008508801
309;309;CAD Curncy;03-2017;2017-03-31;1,3511;Mar;3;2017;1,0090296;0,009029627
297;297;CAD Curncy;02-2017;2017-02-28;1,3185;Feb;2;2017;1,024725;0,02472496
286;286;CAD Curncy;01-2017;2017-01-31;1,3443;Jan;1;2017;0,98080784;-0,01919216
415;415;CAD Curncy;12-2016;2016-12-30;1,3575;Dec;12;2016;0,9902763;-0,009723723
404;404;CAD Curncy;11-2016;2016-11-30;1,3557;Nov;11;2016;1,0013276;0,0013276339
392;392;CAD Curncy;10-2016;2016-10-31;1,3398;Oct;10;2016;1,0118674;0,011867404
380;380;CAD Curncy;09-2016;2016-09-30;1,3227;Sep;9;2016;1,0129281;0,012928128
368;368;CAD Curncy;08-2016;2016-08-31;1,3172;Aug;8;2016;1,0041755;0,004175544
356;356;CAD Curncy;07-2016;2016-07-29;1,3217;Jul;7;2016;0,99659526;-0,0034047365
344;344;CAD Curncy;06-2016;2016-06-30;1,3096;Jun;6;2016;1,0092394;0,009239435
332;332;CAD Curncy;05-2016;2016-05-31;1,3143;May;5;2016;0,996424;-0,0035759807
320;320;CAD Curncy;04-2016;2016-04-29;1,3145;Apr;4;2016;0,9998478;-0,00015217066
308;308;CAD Curncy;03-2016;2016-03-31;1,354;Mar;3;2016;0,97082716;-0,029172838
296;296;CAD Curncy;02-2016;2016-02-29;1,4055;Feb;2;2016;0,96335816;-0,036641836
285;285;CAD Curncy;01-2016;2016-01-29;1,4579;Jan;1;2016;0,9640579;-0,035942078
414;414;CAD Curncy;12-2015;2015-12-31;1,3959;Dec;12;2015;1,0444158;0,04441583
403;403;CAD Curncy;11-2015;2015-11-30;1,3371;Nov;11;2015;1,0439757;0,04397571
391;391;CAD Curncy;10-2015;2015-10-30;1,3313;Oct;10;2015;1,0043566;0,0043566227
379;379;CAD Curncy;09-2015;2015-09-30;1,3422;Sep;9;2015;0,991879;-0,008121014
367;367;CAD Curncy;08-2015;2015-08-31;1,3336;Aug;8;2015;1,0064487;0,0064487457
355;355;CAD Curncy;07-2015;2015-07-31;1,3049;Jul;7;2015;1,021994;0,021993995
343;343;CAD Curncy;06-2015;2015-06-30;1,2522;Jun;6;2015;1,042086;0,042086005
331;331;CAD Curncy;05-2015;2015-05-29;1,2452;May;5;2015;1,0056216;0,0056215525
319;319;CAD Curncy;04-2015;2015-04-30;1,2686;Apr;4;2015;0,9815545;-0,018445492
307;307;CAD Curncy;03-2015;2015-03-31;1,2788;Mar;3;2015;0,99202377;-0,007976234
295;295;CAD Curncy;02-2015;2015-02-27;1,2732;Feb;2;2015;1,0043983;0,004398346
284;284;CAD Curncy;01-2015;2015-01-30;1,2616;Jan;1;2015;1,0091947;0,009194732
413;413;CAD Curncy;12-2014;2014-12-31;1,1672;Dec;12;2014;1,0808773;0,080877304
402;402;CAD Curncy;11-2014;2014-11-28;1,1423;Nov;11;2014;1,0217981;0,021798134
390;390;CAD Curncy;10-2014;2014-10-31;1,1297;Oct;10;2014;1,0111535;0,01115346
378;378;CAD Curncy;09-2014;2014-09-30;1,1164;Sep;9;2014;1,0119133;0,0119133
366;366;CAD Curncy;08-2014;2014-08-29;1,0984;Aug;8;2014;1,0163875;0,016387463
354;354;CAD Curncy;07-2014;2014-07-31;1,0903;Jul;7;2014;1,0074291;0,007429123
342;342;CAD Curncy;06-2014;2014-06-30;1,094;Jun;6;2014;0,9966179;-0,0033820868
330;330;CAD Curncy;05-2014;2014-05-30;1,0972;May;5;2014;0,9970834;-0,0029165745
318;318;CAD Curncy;04-2014;2014-04-30;1,105;Apr;4;2014;0,9929412;-0,0070587993
306;306;CAD Curncy;03-2014;2014-03-31;1,1244;Mar;3;2014;0,98274636;-0,017253637
294;294;CAD Curncy;02-2014;2014-02-28;1,1128;Feb;2;2014;1,0104241;0,010424137
283;283;CAD Curncy;01-2014;2014-01-31;1,1171;Jan;1;2014;0,99615073;-0,003849268
412;412;CAD Curncy;12-2013;2013-12-31;1,0706;Dec;12;2013;1,0434335;0,043433547
401;401;CAD Curncy;11-2013;2013-11-29;1,0595;Nov;11;2013;1,0104767;0,010476708
389;389;CAD Curncy;10-2013;2013-10-31;1,0479;Oct;10;2013;1,0110698;0,011069775
377;377;CAD Curncy;09-2013;2013-09-30;1,0544;Sep;9;2013;0,99383533;-0,00616467
365;365;CAD Curncy;08-2013;2013-08-30;1,0532;Aug;8;2013;1,0011394;0,0011394024
353;353;CAD Curncy;07-2013;2013-07-31;1,0582;Jul;7;2013;0,995275;-0,0047249794
341;341;CAD Curncy;06-2013;2013-06-28;1,0515;Jun;6;2013;1,0063719;0,0063718557
329;329;CAD Curncy;05-2013;2013-05-31;1,0398;May;5;2013;1,011252;0,011252046
317;317;CAD Curncy;04-2013;2013-04-30;1,0266;Apr;4;2013;1,012858;0,012858033
305;305;CAD Curncy;03-2013;2013-03-29;1,032;Mar;3;2013;0,9947675;-0,005232513
293;293;CAD Curncy;02-2013;2013-02-28;1,0262;Feb;2;2013;1,0056518;0,0056518316
282;282;CAD Curncy;01-2013;2013-01-31;1,0063;Jan;1;2013;1,0197755;0,01977551
411;411;CAD Curncy;12-2012;2012-12-31;0,997;Dec;12;2012;1,009328;0,009328008
400;400;CAD Curncy;11-2012;2012-11-30;1,0039;Nov;11;2012;0,99312675;-0,00687325
388;388;CAD Curncy;10-2012;2012-10-31;1,001;Oct;10;2012;1,0028971;0,0028971434
376;376;CAD Curncy;09-2012;2012-09-28;0,9905;Sep;9;2012;1,0106008;0,010600805
364;364;CAD Curncy;08-2012;2012-08-31;1,0074;Aug;8;2012;0,9832241;-0,016775906
352;352;CAD Curncy;07-2012;2012-07-31;1,0226;Jul;7;2012;0,9851359;-0,014864087
340;340;CAD Curncy;06-2012;2012-06-29;1,041;Jun;6;2012;0,9823247;-0,01767528
328;328;CAD Curncy;05-2012;2012-05-31;1,0301;May;5;2012;1,0105815;0,010581493
316;316;CAD Curncy;04-2012;2012-04-30;1,0045;Apr;4;2012;1,0254853;0,025485277
304;304;CAD Curncy;03-2012;2012-03-30;1,0019;Mar;3;2012;1,0025952;0,0025951862
292;292;CAD Curncy;02-2012;2012-02-29;1,0026;Feb;2;2012;0,9993018;-0,0006982088
281;281;CAD Curncy;01-2012;2012-01-31;1,0284;Jan;1;2012;0,97491246;-0,025087535
410;410;CAD Curncy;12-2011;2011-12-30;1,0397;Dec;12;2011;0,9891314;-0,010868609
399;399;CAD Curncy;11-2011;2011-11-30;1,0486;Nov;11;2011;0,99151254;-0,008487463
387;387;CAD Curncy;10-2011;2011-10-31;1,0547;Oct;10;2011;0,9942163;-0,005783677
375;375;CAD Curncy;09-2011;2011-09-30;1,0359;Sep;9;2011;1,0181485;0,018148541
363;363;CAD Curncy;08-2011;2011-08-31;0,9949;Aug;8;2011;1,0412102;0,041210175
351;351;CAD Curncy;07-2011;2011-07-29;0,9688;Jul;7;2011;1,0269405;0,026940465
339;339;CAD Curncy;06-2011;2011-06-30;0,9886;Jun;6;2011;0,97997165;-0,020028353
327;327;CAD Curncy;05-2011;2011-05-31;0,978;May;5;2011;1,0108385;0,010838509
315;315;CAD Curncy;04-2011;2011-04-29;0,9706;Apr;4;2011;1,0076241;0,0076241493
303;303;CAD Curncy;03-2011;2011-03-31;0,9914;Mar;3;2011;0,9790196;-0,020980418
291;291;CAD Curncy;02-2011;2011-02-28;1,001;Feb;2;2011;0,99040955;-0,009590447
280;280;CAD Curncy;01-2011;2011-01-31;1,0013;Jan;1;2011;0,9997005;-0,00029951334
409;409;CAD Curncy;12-2010;2010-12-31;1,0264;Dec;12;2010;0,9755456;-0,024454415
398;398;CAD Curncy;11-2010;2010-11-30;1,0247;Nov;11;2010;1,0016589;0,0016589165
386;386;CAD Curncy;10-2010;2010-10-29;1,0336;Oct;10;2010;0,9913894;-0,008610606
374;374;CAD Curncy;09-2010;2010-09-30;1,0656;Sep;9;2010;0,9699699;-0,030030072
362;362;CAD Curncy;08-2010;2010-08-31;1,0615;Aug;8;2010;1,0038625;0,0038625002
350;350;CAD Curncy;07-2010;2010-07-30;1,0639;Jul;7;2010;0,9977441;-0,0022559166
338;338;CAD Curncy;06-2010;2010-06-30;1,0629;Jun;6;2010;1,0009409;0,0009409189
326;326;CAD Curncy;05-2010;2010-05-31;1,071;May;5;2010;0,99243695;-0,0075630546
314;314;CAD Curncy;04-2010;2010-04-30;1,0177;Apr;4;2010;1,052373;0,05237305
302;302;CAD Curncy;03-2010;2010-03-31;1,0268;Mar;3;2010;0,99113744;-0,008862555
257;257;BRL Curncy;10-2021;2021-10-20;5,5847;Oct;10;2021;;
245;245;BRL Curncy;09-2021;2021-09-30;5,443;Sep;9;2021;1,0260335;0,02603352
233;233;BRL Curncy;08-2021;2021-08-31;5,415;Aug;8;2021;1,0051708;0,005170822
221;221;BRL Curncy;07-2021;2021-07-30;5,2599;Jul;7;2021;1,0294873;0,029487252
209;209;BRL Curncy;06-2021;2021-06-30;5,1512;Jun;6;2021;1,021102;0,021101952
197;197;BRL Curncy;05-2021;2021-05-31;5,4428;May;5;2021;0,9464246;-0,053575397
185;185;BRL Curncy;04-2021;2021-04-30;5,7344;Apr;4;2021;0,949149;-0,050850987
173;173;BRL Curncy;03-2021;2021-03-31;5,8169;Mar;3;2021;0,9858172;-0,014182806
161;161;BRL Curncy;02-2021;2021-02-26;5,6023;Feb;2;2021;1,0383056;0,03830564
150;150;BRL Curncy;01-2021;2021-01-29;5,5048;Jan;1;2021;1,0177119;0,017711878
279;279;BRL Curncy;12-2020;2020-12-31;5,2466;Dec;12;2020;1,0492128;0,049212813
268;268;BRL Curncy;11-2020;2020-11-30;5,752;Nov;11;2020;0,91213495;-0,087865055
256;256;BRL Curncy;10-2020;2020-10-30;5,7793;Oct;10;2020;0,99527615;-0,004723847
244;244;BRL Curncy;09-2020;2020-09-30;5,6613;Sep;9;2020;1,0208433;0,020843267
232;232;BRL Curncy;08-2020;2020-08-31;5,621;Aug;8;2020;1,0071696;0,0071696043
220;220;BRL Curncy;07-2020;2020-07-31;5,4047;Jul;7;2020;1,0400207;0,040020704
208;208;BRL Curncy;06-2020;2020-06-30;5,4844;Jun;6;2020;0,98546785;-0,014532149
196;196;BRL Curncy;05-2020;2020-05-29;5,886;May;5;2020;0,93177027;-0,068229735
184;184;BRL Curncy;04-2020;2020-04-30;5,6525;Apr;4;2020;1,0413091;0,04130912
172;172;BRL Curncy;03-2020;2020-03-31;5,2053;Mar;3;2020;1,0859125;0,085912466
160;160;BRL Curncy;02-2020;2020-02-28;4,4911;Feb;2;2020;1,1590257;0,15902567
149;149;BRL Curncy;01-2020;2020-01-31;4,2828;Jan;1;2020;1,0486363;0,048636317
278;278;BRL Curncy;12-2019;2019-12-31;4,2169;Dec;12;2019;1,0156276;0,015627623
267;267;BRL Curncy;11-2019;2019-11-29;4,26;Nov;11;2019;0,9898825;-0,010117471
255;255;BRL Curncy;10-2019;2019-10-31;4,1799;Oct;10;2019;1,0191631;0,019163132
243;243;BRL Curncy;09-2019;2019-09-30;4,1876;Sep;9;2019;0,99816126;-0,0018387437
231;231;BRL Curncy;08-2019;2019-08-30;4,1707;Aug;8;2019;1,004052;0,004052043
219;219;BRL Curncy;07-2019;2019-07-31;3,8473;Jul;7;2019;1,084059;0,084059
207;207;BRL Curncy;06-2019;2019-06-28;3,8964;Jun;6;2019;0,9873986;-0,012601376
195;195;BRL Curncy;05-2019;2019-05-31;4,0987;May;5;2019;0,9506429;-0,049357116
183;183;BRL Curncy;04-2019;2019-04-30;3,992;Apr;4;2019;1,0267284;0,026728392
171;171;BRL Curncy;03-2019;2019-03-29;3,9952;Mar;3;2019;0,9991991;-0,0008009076
159;159;BRL Curncy;02-2019;2019-02-28;3,763;Feb;2;2019;1,0617061;0,061706066
148;148;BRL Curncy;01-2019;2019-01-31;3,8812;Jan;1;2019;0,9695455;-0,030454516
277;277;BRL Curncy;12-2018;2018-12-31;3,9272;Dec;12;2018;0,9882868;-0,011713207
266;266;BRL Curncy;11-2018;2018-11-30;3,9324;Nov;11;2018;0,9986777;-0,001322329
254;254;BRL Curncy;10-2018;2018-10-31;4,0194;Oct;10;2018;0,97835493;-0,02164507
242;242;BRL Curncy;09-2018;2018-09-28;4,2071;Sep;9;2018;0,95538497;-0,04461503
230;230;BRL Curncy;08-2018;2018-08-31;4,1504;Aug;8;2018;1,0136613;0,013661265
218;218;BRL Curncy;07-2018;2018-07-31;3,9311;Jul;7;2018;1,055786;0,055786014
206;206;BRL Curncy;06-2018;2018-06-29;3,9071;Jun;6;2018;1,0061426;0,0061426163
194;194;BRL Curncy;05-2018;2018-05-31;3,7375;May;5;2018;1,045378;0,04537797
182;182;BRL Curncy;04-2018;2018-04-30;3,5063;Apr;4;2018;1,0659385;0,06593847
170;170;BRL Curncy;03-2018;2018-03-30;3,3262;Mar;3;2018;1,0541458;0,054145813
158;158;BRL Curncy;02-2018;2018-02-28;3,3011;Feb;2;2018;1,0076035;0,007603526
147;147;BRL Curncy;01-2018;2018-01-31;3,3125;Jan;1;2018;0,9965585;-0,0034415126
276;276;BRL Curncy;12-2017;2017-12-29;3,3376;Dec;12;2017;0,9924796;-0,0075203776
265;265;BRL Curncy;11-2017;2017-11-30;3,3152;Nov;11;2017;1,0067568;0,0067567825
253;253;BRL Curncy;10-2017;2017-10-31;3,2973;Oct;10;2017;1,0054287;0,005428672
241;241;BRL Curncy;09-2017;2017-09-29;3,1932;Sep;9;2017;1,0326005;0,032600522
229;229;BRL Curncy;08-2017;2017-08-31;3,1937;Aug;8;2017;0,9998435;-0,0001565218
217;217;BRL Curncy;07-2017;2017-07-31;3,3096;Jul;7;2017;0,96498066;-0,035019338
205;205;BRL Curncy;06-2017;2017-06-30;3,3427;Jun;6;2017;0,9900979;-0,00990212
193;193;BRL Curncy;05-2017;2017-05-31;3,3758;May;5;2017;0,990195;-0,009805024
181;181;BRL Curncy;04-2017;2017-04-28;3,1846;Apr;4;2017;1,0600389;0,060038924
169;169;BRL Curncy;03-2017;2017-03-31;3,193;Mar;3;2017;0,9973692;-0,0026307702
157;157;BRL Curncy;02-2017;2017-02-28;3,1281;Feb;2;2017;1,0207474;0,020747423
146;146;BRL Curncy;01-2017;2017-01-31;3,2859;Jan;1;2017;0,9519766;-0,048023403
275;275;BRL Curncy;12-2016;2016-12-30;3,4769;Dec;12;2016;0,94506603;-0,054933965
264;264;BRL Curncy;11-2016;2016-11-30;3,4344;Nov;11;2016;1,0123748;0,012374759
252;252;BRL Curncy;10-2016;2016-10-31;3,258;Oct;10;2016;1,0541437;0,054143667
240;240;BRL Curncy;09-2016;2016-09-30;3,3448;Sep;9;2016;0,97404927;-0,02595073
228;228;BRL Curncy;08-2016;2016-08-31;3,2657;Aug;8;2016;1,0242214;0,02422142
216;216;BRL Curncy;07-2016;2016-07-29;3,3675;Jul;7;2016;0,9697699;-0,030230105
204;204;BRL Curncy;06-2016;2016-06-30;3,6015;Jun;6;2016;0,93502706;-0,06497294
192;192;BRL Curncy;05-2016;2016-05-31;3,6116;May;5;2016;0,99720347;-0,0027965307
180;180;BRL Curncy;04-2016;2016-04-29;3,6888;Apr;4;2016;0,97907174;-0,020928264
168;168;BRL Curncy;03-2016;2016-03-31;3,9341;Mar;3;2016;0,9376478;-0,06235218
156;156;BRL Curncy;02-2016;2016-02-29;4,0676;Feb;2;2016;0,9671797;-0,032820284
145;145;BRL Curncy;01-2016;2016-01-29;4,1552;Jan;1;2016;0,97891796;-0,021082044
274;274;BRL Curncy;12-2015;2015-12-31;4,0103;Dec;12;2015;1,036132;0,036131978
263;263;BRL Curncy;11-2015;2015-11-30;3,8674;Nov;11;2015;1,03695;0,036949992
251;251;BRL Curncy;10-2015;2015-10-30;4,0095;Oct;10;2015;0,96455914;-0,035440862
239;239;BRL Curncy;09-2015;2015-09-30;4,1783;Sep;9;2015;0,9596008;-0,040399194
227;227;BRL Curncy;08-2015;2015-08-31;3,6205;Aug;8;2015;1,154067;0,15406704
215;215;BRL Curncy;07-2015;2015-07-31;3,4214;Jul;7;2015;1,0581926;0,05819261
203;203;BRL Curncy;06-2015;2015-06-30;3,1684;Jun;6;2015;1,079851;0,07985103
191;191;BRL Curncy;05-2015;2015-05-29;3,1787;May;5;2015;0,9967597;-0,0032402873
179;179;BRL Curncy;04-2015;2015-04-30;3,1649;Apr;4;2015;1,0043603;0,004360318
167;167;BRL Curncy;03-2015;2015-03-31;3,2919;Mar;3;2015;0,9614205;-0,038579524
155;155;BRL Curncy;02-2015;2015-02-27;2,9059;Feb;2;2015;1,1328331;0,13283312
144;144;BRL Curncy;01-2015;2015-01-30;2,706;Jan;1;2015;1,0738728;0,073872805
273;273;BRL Curncy;12-2014;2014-12-31;2,7387;Dec;12;2014;0,9880601;-0,011939883
262;262;BRL Curncy;11-2014;2014-11-28;2,6089;Nov;11;2014;1,0497527;0,049752712
250;250;BRL Curncy;10-2014;2014-10-31;2,5211;Oct;10;2014;1,034826;0,03482604
238;238;BRL Curncy;09-2014;2014-09-30;2,4477;Sep;9;2014;1,0299873;0,029987335
226;226;BRL Curncy;08-2014;2014-08-29;2,2952;Aug;8;2014;1,066443;0,06644297
214;214;BRL Curncy;07-2014;2014-07-31;2,2636;Jul;7;2014;1,01396;0,013960004
202;202;BRL Curncy;06-2014;2014-06-30;2,2806;Jun;6;2014;0,99254584;-0,007454157
190;190;BRL Curncy;05-2014;2014-05-30;2,2442;May;5;2014;1,0162196;0,016219616
178;178;BRL Curncy;04-2014;2014-04-30;2,2796;Apr;4;2014;0,984471;-0,015528977
166;166;BRL Curncy;03-2014;2014-03-31;2,364;Mar;3;2014;0,9642977;-0,03570229
154;154;BRL Curncy;02-2014;2014-02-28;2,4403;Feb;2;2014;0,9687334;-0,03126663
143;143;BRL Curncy;01-2014;2014-01-31;2,4373;Jan;1;2014;1,0012308;0,0012308359
272;272;BRL Curncy;12-2013;2013-12-31;2,3898;Dec;12;2013;1,0198761;0,019876122
261;261;BRL Curncy;11-2013;2013-11-29;2,336;Nov;11;2013;1,0230309;0,023030877
249;249;BRL Curncy;10-2013;2013-10-31;2,2398;Oct;10;2013;1,0429503;0,042950273
237;237;BRL Curncy;09-2013;2013-09-30;2,3774;Sep;9;2013;0,9421217;-0,057878315
225;225;BRL Curncy;08-2013;2013-08-30;2,4543;Aug;8;2013;0,9686672;-0,03133279
213;213;BRL Curncy;07-2013;2013-07-31;2,2825;Jul;7;2013;1,0752683;0,07526827
201;201;BRL Curncy;06-2013;2013-06-28;2,2575;Jun;6;2013;1,0110742;0,011074185
189;189;BRL Curncy;05-2013;2013-05-31;2,1411;May;5;2013;1,0543646;0,054364562
177;177;BRL Curncy;04-2013;2013-04-30;2,0243;Apr;4;2013;1,0576988;0,057698846
165;165;BRL Curncy;03-2013;2013-03-29;2,0217;Mar;3;2013;1,0012861;0,001286149
153;153;BRL Curncy;02-2013;2013-02-28;1,9954;Feb;2;2013;1,0131803;0,013180256
142;142;BRL Curncy;01-2013;2013-01-31;2,0516;Jan;1;2013;0,9726067;-0,027393281
271;271;BRL Curncy;12-2012;2012-12-31;2,1235;Dec;12;2012;0,96614075;-0,033859253
260;260;BRL Curncy;11-2012;2012-11-30;2,136;Nov;11;2012;0,994148;-0,005851984
248;248;BRL Curncy;10-2012;2012-10-31;2,0426;Oct;10;2012;1,0457261;0,04572606
236;236;BRL Curncy;09-2012;2012-09-28;2,0423;Sep;9;2012;1,0001469;0,00014686584
224;224;BRL Curncy;08-2012;2012-08-31;2,0499;Aug;8;2012;0,9962925;-0,003707528
212;212;BRL Curncy;07-2012;2012-07-31;2,0569;Jul;7;2012;0,9965968;-0,0034031868
200;200;BRL Curncy;06-2012;2012-06-29;2,0778;Jun;6;2012;0,9899413;-0,010058701
188;188;BRL Curncy;05-2012;2012-05-31;2,0907;May;5;2012;0,9938299;-0,006170094
176;176;BRL Curncy;04-2012;2012-04-30;1,9083;Apr;4;2012;1,0955824;0,095582366
164;164;BRL Curncy;03-2012;2012-03-30;1,8268;Mar;3;2012;1,0446136;0,0446136
152;152;BRL Curncy;02-2012;2012-02-29;1,7343;Feb;2;2012;1,0533357;0,053335667
141;141;BRL Curncy;01-2012;2012-01-31;1,8714;Jan;1;2012;0,92673934;-0,073260665
270;270;BRL Curncy;12-2011;2011-12-30;1,8799;Dec;12;2011;0,9954785;-0,004521489
259;259;BRL Curncy;11-2011;2011-11-30;1,898;Nov;11;2011;0,9904636;-0,009536386
247;247;BRL Curncy;10-2011;2011-10-31;1,8911;Oct;10;2011;1,0036486;0,0036486387
235;235;BRL Curncy;09-2011;2011-09-30;1,9055;Sep;9;2011;0,9924429;-0,007557094
223;223;BRL Curncy;08-2011;2011-08-31;1,6263;Aug;8;2011;1,1716781;0,17167807
211;211;BRL Curncy;07-2011;2011-07-29;1,5791;Jul;7;2011;1,0298904;0,029890418
199;199;BRL Curncy;06-2011;2011-06-30;1,6046;Jun;6;2011;0,9841082;-0,01589179
187;187;BRL Curncy;05-2011;2011-05-31;1,6362;May;5;2011;0,98068696;-0,019313037
175;175;BRL Curncy;04-2011;2011-04-29;1,6144;Apr;4;2011;1,0135034;0,013503432
163;163;BRL Curncy;03-2011;2011-03-31;1,678;Mar;3;2011;0,96209776;-0,037902236
151;151;BRL Curncy;02-2011;2011-02-28;1,6795;Feb;2;2011;0,9991069;-0,000893116
140;140;BRL Curncy;01-2011;2011-01-31;1,6891;Jan;1;2011;0,99431646;-0,0056835413
269;269;BRL Curncy;12-2010;2010-12-31;1,7143;Dec;12;2010;0,9853001;-0,014699876
258;258;BRL Curncy;11-2010;2010-11-30;1,7416;Nov;11;2010;0,98432475;-0,015675247
246;246;BRL Curncy;10-2010;2010-10-29;1,7214;Oct;10;2010;1,0117346;0,011734605
234;234;BRL Curncy;09-2010;2010-09-30;1,746;Sep;9;2010;0,98591065;-0,014089346
222;222;BRL Curncy;08-2010;2010-08-31;1,7748;Aug;8;2010;0,9837729;-0,016227126
210;210;BRL Curncy;07-2010;2010-07-30;1,7926;Jul;7;2010;0,9900702;-0,009929776
198;198;BRL Curncy;06-2010;2010-06-30;1,8798;Jun;6;2010;0,95361215;-0,04638785
186;186;BRL Curncy;05-2010;2010-05-31;1,8836;May;5;2010;0,99798256;-0,0020174384
174;174;BRL Curncy;04-2010;2010-04-30;1,7813;Apr;4;2010;1,05743;0,05743003
162;162;BRL Curncy;03-2010;2010-03-31;1,8191;Mar;3;2010;0,97922045;-0,02077955
117;117;AUD Curncy;10-2021;2021-10-20;0,7474;Oct;10;2021;;
105;105;AUD Curncy;09-2021;2021-09-30;0,746;Sep;9;2021;1,0018767;0,0018767118
93;93;AUD Curncy;08-2021;2021-08-31;0,7405;Aug;8;2021;1,0074275;0,007427454
81;81;AUD Curncy;07-2021;2021-07-30;0,753;Jul;7;2021;0,9833997;-0,01660031
69;69;AUD Curncy;06-2021;2021-06-30;0,7754;Jun;6;2021;0,9711117;-0,028888285
57;57;AUD Curncy;05-2021;2021-05-31;0,7844;May;5;2021;0,9885263;-0,011473715
45;45;AUD Curncy;04-2021;2021-04-30;0,78;Apr;4;2021;1,0056411;0,005641103
33;33;AUD Curncy;03-2021;2021-03-31;0,782;Mar;3;2021;0,9974424;-0,0025575757
21;21;AUD Curncy;02-2021;2021-02-26;0,7968;Feb;2;2021;0,9814257;-0,018574297
10;10;AUD Curncy;01-2021;2021-01-29;0,7802;Jan;1;2021;1,0212766;0,021276593
139;139;AUD Curncy;12-2020;2020-12-31;0,7686;Dec;12;2020;1,0150924;0,015092373
128;128;AUD Curncy;11-2020;2020-11-30;0,7387;Nov;11;2020;1,0404766;0,04047656
116;116;AUD Curncy;10-2020;2020-10-30;0,724;Oct;10;2020;1,0203038;0,020303845
104;104;AUD Curncy;09-2020;2020-09-30;0,7376;Sep;9;2020;0,9815618;-0,01843822
92;92;AUD Curncy;08-2020;2020-08-31;0,7365;Aug;8;2020;1,0014936;0,0014935732
80;80;AUD Curncy;07-2020;2020-07-31;0,7195;Jul;7;2020;1,0236275;0,02362752
68;68;AUD Curncy;06-2020;2020-06-30;0,7021;Jun;6;2020;1,0247828;0,024782777
56;56;AUD Curncy;05-2020;2020-05-29;0,6653;May;5;2020;1,0553133;0,05531335
44;44;AUD Curncy;04-2020;2020-04-30;0,6557;Apr;4;2020;1,0146408;0,014640808
32;32;AUD Curncy;03-2020;2020-03-31;0,6636;Mar;3;2020;0,9880952;-0,011904776
20;20;AUD Curncy;02-2020;2020-02-28;0,6746;Feb;2;2020;0,9836941;-0,016305923
9;9;AUD Curncy;01-2020;2020-01-31;0,7021;Jan;1;2020;0,9608318;-0,03916818
138;138;AUD Curncy;12-2019;2019-12-31;0,6994;Dec;12;2019;1,0038604;0,0038603544
127;127;AUD Curncy;11-2019;2019-11-29;0,6904;Nov;11;2019;1,0130359;0,013035893
115;115;AUD Curncy;10-2019;2019-10-31;0,6903;Oct;10;2019;1,0001448;0,00014483929
103;103;AUD Curncy;09-2019;2019-09-30;0,6879;Sep;9;2019;1,0034889;0,0034888983
91;91;AUD Curncy;08-2019;2019-08-30;0,6845;Aug;8;2019;1,0049672;0,0049672127
79;79;AUD Curncy;07-2019;2019-07-31;0,7075;Jul;7;2019;0,96749115;-0,03250885
67;67;AUD Curncy;06-2019;2019-06-28;0,7009;Jun;6;2019;1,0094165;0,009416461
55;55;AUD Curncy;05-2019;2019-05-31;0,7048;May;5;2019;0,99446654;-0,005533457
43;43;AUD Curncy;04-2019;2019-04-30;0,7179;Apr;4;2019;0,9817524;-0,018247604
31;31;AUD Curncy;03-2019;2019-03-29;0,7135;Mar;3;2019;1,0061667;0,0061666965
19;19;AUD Curncy;02-2019;2019-02-28;0,7273;Feb;2;2019;0,98102576;-0,018974245
8;8;AUD Curncy;01-2019;2019-01-31;0,7248;Jan;1;2019;1,0034492;0,0034492016
137;137;AUD Curncy;12-2018;2018-12-31;0,7358;Dec;12;2018;0,98505026;-0,014949739
126;126;AUD Curncy;11-2018;2018-11-30;0,7332;Nov;11;2018;1,0035461;0,0035461187
114;114;AUD Curncy;10-2018;2018-10-31;0,7224;Oct;10;2018;1,0149502;0,014950156
102;102;AUD Curncy;09-2018;2018-09-28;0,7292;Sep;9;2018;0,99067473;-0,009325266
90;90;AUD Curncy;08-2018;2018-08-31;0,7431;Aug;8;2018;0,9812946;-0,018705428
78;78;AUD Curncy;07-2018;2018-07-31;0,7467;Jul;7;2018;0,99517876;-0,004821241
66;66;AUD Curncy;06-2018;2018-06-29;0,7667;Jun;6;2018;0,97391415;-0,026085854
54;54;AUD Curncy;05-2018;2018-05-31;0,7582;May;5;2018;1,0112108;0,011210799
42;42;AUD Curncy;04-2018;2018-04-30;0,7784;Apr;4;2018;0,9740493;-0,02595067
30;30;AUD Curncy;03-2018;2018-03-30;0,7877;Mar;3;2018;0,9881935;-0,011806488
18;18;AUD Curncy;02-2018;2018-02-28;0,8055;Feb;2;2018;0,97790194;-0,022098064
7;7;AUD Curncy;01-2018;2018-01-31;0,811;Jan;1;2018;0,99321824;-0,006781757
136;136;AUD Curncy;12-2017;2017-12-29;0,7794;Dec;12;2017;1,040544;0,040544033
125;125;AUD Curncy;11-2017;2017-11-30;0,7713;Nov;11;2017;1,0105017;0,010501742
113;113;AUD Curncy;10-2017;2017-10-31;0,7887;Oct;10;2017;0,9779384;-0,022061586
101;101;AUD Curncy;09-2017;2017-09-29;0,806;Sep;9;2017;0,97853595;-0,02146405
89;89;AUD Curncy;08-2017;2017-08-31;0,8003;Aug;8;2017;1,0071223;0,007122278
77;77;AUD Curncy;07-2017;2017-07-31;0,8005;Jul;7;2017;0,9997502;-0,00024980307
65;65;AUD Curncy;06-2017;2017-06-30;0,7683;Jun;6;2017;1,0419106;0,04191065
53;53;AUD Curncy;05-2017;2017-05-31;0,7536;May;5;2017;1,0195063;0,019506335
41;41;AUD Curncy;04-2017;2017-04-28;0,7629;Apr;4;2017;0,98780966;-0,012190342
29;29;AUD Curncy;03-2017;2017-03-31;0,7731;Mar;3;2017;0,98680633;-0,013193667
17;17;AUD Curncy;02-2017;2017-02-28;0,7715;Feb;2;2017;1,0020739;0,002073884
6;6;AUD Curncy;01-2017;2017-01-31;0,7584;Jan;1;2017;1,0172732;0,017273188
135;135;AUD Curncy;12-2016;2016-12-30;0,75;Dec;12;2016;1,0112001;0,01120007
124;124;AUD Curncy;11-2016;2016-11-30;0,7762;Nov;11;2016;0,96624583;-0,03375417
112;112;AUD Curncy;10-2016;2016-10-31;0,7722;Oct;10;2016;1,00518;0,0051800013
100;100;AUD Curncy;09-2016;2016-09-30;0,7692;Sep;9;2016;1,0039;0,0039000511
88;88;AUD Curncy;08-2016;2016-08-31;0,7703;Aug;8;2016;0,99857205;-0,0014279485
76;76;AUD Curncy;07-2016;2016-07-29;0,7632;Jul;7;2016;1,009303;0,009302974
64;64;AUD Curncy;06-2016;2016-06-30;0,7613;Jun;6;2016;1,0024956;0,0024956465
52;52;AUD Curncy;05-2016;2016-05-31;0,7667;May;5;2016;0,9929568;-0,007043183
40;40;AUD Curncy;04-2016;2016-04-29;0,7813;Apr;4;2016;0,9813132;-0,018686771
28;28;AUD Curncy;03-2016;2016-03-31;0,7671;Mar;3;2016;1,0185113;0,018511295
16;16;AUD Curncy;02-2016;2016-02-29;0,7236;Feb;2;2016;1,060116;0,060116053
5;5;AUD Curncy;01-2016;2016-01-29;0,7303;Jan;1;2016;0,99082565;-0,009174347
134;134;AUD Curncy;12-2015;2015-12-31;0,7341;Dec;12;2015;0,99482363;-0,0051763654
123;123;AUD Curncy;11-2015;2015-11-30;0,7257;Nov;11;2015;1,011575;0,011574984
111;111;AUD Curncy;10-2015;2015-10-30;0,7362;Oct;10;2015;0,9857376;-0,014262378
99;99;AUD Curncy;09-2015;2015-09-30;0,7197;Sep;9;2015;1,0229262;0,022926211
87;87;AUD Curncy;08-2015;2015-08-31;0,7418;Aug;8;2015;0,9702076;-0,029792428
75;75;AUD Curncy;07-2015;2015-07-31;0,7707;Jul;7;2015;0,96250165;-0,037498355
63;63;AUD Curncy;06-2015;2015-06-30;0,78;Jun;6;2015;0,9880769;-0,011923075
51;51;AUD Curncy;05-2015;2015-05-29;0,8113;May;5;2015;0,96141994;-0,03858006
39;39;AUD Curncy;04-2015;2015-04-30;0,8022;Apr;4;2015;1,0113437;0,011343718
27;27;AUD Curncy;03-2015;2015-03-31;0,788;Mar;3;2015;1,0180204;0,018020391
15;15;AUD Curncy;02-2015;2015-02-27;0,7887;Feb;2;2015;0,9991125;-0,00088751316
4;4;AUD Curncy;01-2015;2015-01-30;0,8223;Jan;1;2015;0,959139;-0,04086101
133;133;AUD Curncy;12-2014;2014-12-31;0,8506;Dec;12;2014;0,9667294;-0,033270597
122;122;AUD Curncy;11-2014;2014-11-28;0,8798;Nov;11;2014;0,96681064;-0,033189356
110;110;AUD Curncy;10-2014;2014-10-31;0,8856;Oct;10;2014;0,9934508;-0,0065491796
98;98;AUD Curncy;09-2014;2014-09-30;0,9378;Sep;9;2014;0,9443378;-0,055662215
86;86;AUD Curncy;08-2014;2014-08-29;0,9357;Aug;8;2014;1,0022444;0,0022443533
74;74;AUD Curncy;07-2014;2014-07-31;0,9497;Jul;7;2014;0,9852585;-0,01474148
62;62;AUD Curncy;06-2014;2014-06-30;0,9427;Jun;6;2014;1,0074254;0,0074254274
50;50;AUD Curncy;05-2014;2014-05-30;0,9378;May;5;2014;1,0052251;0,0052250624
38;38;AUD Curncy;04-2014;2014-04-30;0,9424;Apr;4;2014;0,99511886;-0,0048811436
26;26;AUD Curncy;03-2014;2014-03-31;0,9259;Mar;3;2014;1,0178205;0,017820477
14;14;AUD Curncy;02-2014;2014-02-28;0,9038;Feb;2;2014;1,0244523;0,024452329
3;3;AUD Curncy;01-2014;2014-01-31;0,9054;Jan;1;2014;0,99823284;-0,0017671585
132;132;AUD Curncy;12-2013;2013-12-31;0,9151;Dec;12;2013;0,9894001;-0,010599911
121;121;AUD Curncy;11-2013;2013-11-29;0,9527;Nov;11;2013;0,9605332;-0,0394668
109;109;AUD Curncy;10-2013;2013-10-31;0,9708;Oct;10;2013;0,9813556;-0,018644392
97;97;AUD Curncy;09-2013;2013-09-30;0,952;Sep;9;2013;1,0197479;0,019747853
85;85;AUD Curncy;08-2013;2013-08-30;0,9206;Aug;8;2013;1,0341082;0,034108162
73;73;AUD Curncy;07-2013;2013-07-31;0,9296;Jul;7;2013;0,9903184;-0,009681582
61;61;AUD Curncy;06-2013;2013-06-28;0,9771;Jun;6;2013;0,95138675;-0,04861325
49;49;AUD Curncy;05-2013;2013-05-31;1,0371;May;5;2013;0,9421464;-0,05785358
37;37;AUD Curncy;04-2013;2013-04-30;1,0545;Apr;4;2013;0,9834993;-0,016500711
25;25;AUD Curncy;03-2013;2013-03-29;1,0485;Mar;3;2013;1,0057225;0,0057225227
13;13;AUD Curncy;02-2013;2013-02-28;1,0438;Feb;2;2013;1,0045028;0,0045027733
2;2;AUD Curncy;01-2013;2013-01-31;1,0598;Jan;1;2013;0,9849028;-0,015097201
131;131;AUD Curncy;12-2012;2012-12-31;1,0566;Dec;12;2012;1,0030286;0,0030286312
120;120;AUD Curncy;11-2012;2012-11-30;1,0476;Nov;11;2012;1,008591;0,008591056
108;108;AUD Curncy;10-2012;2012-10-31;1,0383;Oct;10;2012;1,0089569;0,008956909
96;96;AUD Curncy;09-2012;2012-09-28;1,0551;Sep;9;2012;0,9840774;-0,015922606
84;84;AUD Curncy;08-2012;2012-08-31;1,058;Aug;8;2012;0,99725896;-0,0027410388
72;72;AUD Curncy;07-2012;2012-07-31;1,0503;Jul;7;2012;1,0073313;0,007331252
60;60;AUD Curncy;06-2012;2012-06-29;1,0194;Jun;6;2012;1,030312;0,030311942
48;48;AUD Curncy;05-2012;2012-05-31;1,0429;May;5;2012;0,9774667;-0,022533298
36;36;AUD Curncy;04-2012;2012-04-30;1,0471;Apr;4;2012;0,99598897;-0,004011035
24;24;AUD Curncy;03-2012;2012-03-30;1,0809;Mar;3;2012;0,96872973;-0,031270266
12;12;AUD Curncy;02-2012;2012-02-29;1,0809;Feb;2;2012;1,0;0,0
1;1;AUD Curncy;01-2012;2012-01-31;1,0658;Jan;1;2012;1,0141678;0,014167786
130;130;AUD Curncy;12-2011;2011-12-30;1,0294;Dec;12;2011;1,0353603;0,035360336
119;119;AUD Curncy;11-2011;2011-11-30;1,053;Nov;11;2011;0,9775879;-0,022412121
107;107;AUD Curncy;10-2011;2011-10-31;1,073;Oct;10;2011;0,9813607;-0,018639326
95;95;AUD Curncy;09-2011;2011-09-30;1,0722;Sep;9;2011;1,0007461;0,00074613094
83;83;AUD Curncy;08-2011;2011-08-31;1,0993;Aug;8;2011;0,9753479;-0,024652123
71;71;AUD Curncy;07-2011;2011-07-29;1,102;Jul;7;2011;0,99754995;-0,002450049
59;59;AUD Curncy;06-2011;2011-06-30;1,0721;Jun;6;2011;1,0278891;0,027889132
47;47;AUD Curncy;05-2011;2011-05-31;1,0971;May;5;2011;0,97721267;-0,022787333
35;35;AUD Curncy;04-2011;2011-04-29;1,0929;Apr;4;2011;1,003843;0,0038429499
23;23;AUD Curncy;03-2011;2011-03-31;1,0329;Mar;3;2011;1,0580889;0,0580889
11;11;AUD Curncy;02-2011;2011-02-28;1,0177;Feb;2;2011;1,0149356;0,014935613
0;0;AUD Curncy;01-2011;2011-01-31;1,0233;Jan;1;2011;0,9945274;-0,0054726005
129;129;AUD Curncy;12-2010;2010-12-31;1,0179;Dec;12;2010;1,005305;0,005305052
118;118;AUD Curncy;11-2010;2010-11-30;1,0159;Nov;11;2010;1,0019686;0,0019686222
106;106;AUD Curncy;10-2010;2010-10-29;0,9942;Oct;10;2010;1,0218266;0,021826625
94;94;AUD Curncy;09-2010;2010-09-30;0,9697;Sep;9;2010;1,0252656;0,025265574
82;82;AUD Curncy;08-2010;2010-08-31;0,9183;Aug;8;2010;1,055973;0,055973053
70;70;AUD Curncy;07-2010;2010-07-30;0,9026;Jul;7;2010;1,0173942;0,017394185
58;58;AUD Curncy;06-2010;2010-06-30;0,8765;Jun;6;2010;1,0297775;0,029777527
46;46;AUD Curncy;05-2010;2010-05-31;0,9261;May;5;2010;0,94644207;-0,053557932
34;34;AUD Curncy;04-2010;2010-04-30;0,9351;Apr;4;2010;0,99037534;-0,00962466
22;22;AUD Curncy;03-2010;2010-03-31;0,9197;Mar;3;2010;1,0167446;0,016744614
