;data;Product;FinancialPrice;MesAno;Mes_nomial;Mes;Ano;Retorno_1;Retorno
241;2021-09-30;JPEIGLSP Index;324,37;09-2021;Sep;9;2021;;
240;2021-08-31;JPEIGLSP Index;313,01;08-2021;Aug;8;2021;1,0362927;0,036292672
239;2021-07-30;JPEIGLSP Index;325,02;07-2021;Jul;7;2021;0,9630485;-0,036951482
238;2021-06-30;JPEIGLSP Index;312,5;06-2021;Jun;6;2021;1,040064;0,040063977
237;2021-05-31;JPEIGLSP Index;306,69;05-2021;May;5;2021;1,0189441;0,018944144
236;2021-04-30;JPEIGLSP Index;312,97;04-2021;Apr;4;2021;0,97993416;-0,020065844
235;2021-03-31;JPEIGLSP Index;323,94;03-2021;Mar;3;2021;0,9661357;-0,03386432
234;2021-02-26;JPEIGLSP Index;328,72;02-2021;Feb;2;2021;0,98545873;-0,014541268
233;2021-01-29;JPEIGLSP Index;324,24;01-2021;Jan;1;2021;1,013817;0,013816953
232;2020-12-31;JPEIGLSP Index;322,97;12-2020;Dec;12;2020;1,0039322;0,0039322376
231;2020-11-30;JPEIGLSP Index;350,19;11-2020;Nov;11;2020;0,9222708;-0,077729225
230;2020-10-30;JPEIGLSP Index;387,98;10-2020;Oct;10;2020;0,902598;-0,09740198
229;2020-09-30;JPEIGLSP Index;398,15;09-2020;Sep;9;2020;0,9744569;-0,025543094
228;2020-08-31;JPEIGLSP Index;385,35;08-2020;Aug;8;2020;1,0332165;0,033216476
227;2020-07-31;JPEIGLSP Index;401,38;07-2020;Jul;7;2020;0,9600628;-0,0399372
226;2020-06-30;JPEIGLSP Index;433,31;06-2020;Jun;6;2020;0,92631143;-0,07368857
225;2020-05-29;JPEIGLSP Index;463,4;05-2020;May;5;2020;0,9350669;-0,06493312
224;2020-04-30;JPEIGLSP Index;557,28;04-2020;Apr;4;2020;0,83153886;-0,16846114
223;2020-03-31;JPEIGLSP Index;577,01;03-2020;Mar;3;2020;0,96580654;-0,034193456
222;2020-02-28;JPEIGLSP Index;353,58;02-2020;Feb;2;2020;1,631908;0,63190806
221;2020-01-31;JPEIGLSP Index;299,36;01-2020;Jan;1;2020;1,1811197;0,18111968
220;2019-12-31;JPEIGLSP Index;277,39;12-2019;Dec;12;2019;1,0792024;0,07920241
219;2019-11-29;JPEIGLSP Index;308,89;11-2019;Nov;11;2019;0,89802194;-0,10197806
218;2019-10-31;JPEIGLSP Index;322,55;10-2019;Oct;10;2019;0,95765007;-0,042349935
217;2019-09-30;JPEIGLSP Index;337,51;09-2019;Sep;9;2019;0,9556753;-0,044324696
216;2019-08-30;JPEIGLSP Index;361,0;08-2019;Aug;8;2019;0,9349308;-0,0650692
215;2019-07-31;JPEIGLSP Index;332,98;07-2019;Jul;7;2019;1,0841491;0,08414912
214;2019-06-28;JPEIGLSP Index;365,83;06-2019;Jun;6;2019;0,91020423;-0,08979577
213;2019-05-31;JPEIGLSP Index;392,68;05-2019;May;5;2019;0,9316237;-0,0683763
212;2019-04-30;JPEIGLSP Index;364,78;04-2019;Apr;4;2019;1,0764844;0,07648444
211;2019-03-29;JPEIGLSP Index;372,77;03-2019;Mar;3;2019;0,9785659;-0,021434128
210;2019-02-28;JPEIGLSP Index;361,21;02-2019;Feb;2;2019;1,0320035;0,032003522
209;2019-01-31;JPEIGLSP Index;377,91;01-2019;Jan;1;2019;0,95580953;-0,044190466
208;2018-12-31;JPEIGLSP Index;434,61;12-2018;Dec;12;2018;0,86953825;-0,13046175
207;2018-11-30;JPEIGLSP Index;419,69;11-2018;Nov;11;2018;1,03555;0,03555
206;2018-10-31;JPEIGLSP Index;392,35;10-2018;Oct;10;2018;1,0696827;0,06968272
205;2018-09-28;JPEIGLSP Index;361,73;09-2018;Sep;9;2018;1,0846487;0,08464873
204;2018-08-31;JPEIGLSP Index;399,91;08-2018;Aug;8;2018;0,90452856;-0,09547144
203;2018-07-31;JPEIGLSP Index;354,17;07-2018;Jul;7;2018;1,1291469;0,12914693
202;2018-06-29;JPEIGLSP Index;388,06;06-2018;Jun;6;2018;0,91266817;-0,08733183
201;2018-05-31;JPEIGLSP Index;366,68;05-2018;May;5;2018;1,0583069;0,058306932
200;2018-04-30;JPEIGLSP Index;334,93;04-2018;Apr;4;2018;1,094796;0,09479594
199;2018-03-30;JPEIGLSP Index;325,97;03-2018;Mar;3;2018;1,0274872;0,027487159
198;2018-02-28;JPEIGLSP Index;311,16;02-2018;Feb;2;2018;1,0475961;0,047596097
197;2018-01-31;JPEIGLSP Index;292,33;01-2018;Jan;1;2018;1,0644135;0,06441355
196;2017-12-29;JPEIGLSP Index;310,98;12-2017;Dec;12;2017;0,94002825;-0,05997175
195;2017-11-30;JPEIGLSP Index;313,4;11-2017;Nov;11;2017;0,9922783;-0,007721722
194;2017-10-31;JPEIGLSP Index;306,68;10-2017;Oct;10;2017;1,0219121;0,021912098
193;2017-09-29;JPEIGLSP Index;307,63;09-2017;Sep;9;2017;0,9969118;-0,0030881763
192;2017-08-31;JPEIGLSP Index;321,02;08-2017;Aug;8;2017;0,95828927;-0,041710734
191;2017-07-31;JPEIGLSP Index;324,24;07-2017;Jul;7;2017;0,9900691;-0,009930909
190;2017-06-30;JPEIGLSP Index;328,24;06-2017;Jun;6;2017;0,9878138;-0,012186229
189;2017-05-31;JPEIGLSP Index;322,64;05-2017;May;5;2017;1,0173568;0,017356753
188;2017-04-28;JPEIGLSP Index;321,5;04-2017;Apr;4;2017;1,0035459;0,0035458803
187;2017-03-31;JPEIGLSP Index;331,48;03-2017;Mar;3;2017;0,96989256;-0,030107439
186;2017-02-28;JPEIGLSP Index;333,9;02-2017;Feb;2;2017;0,9927524;-0,007247627
185;2017-01-31;JPEIGLSP Index;351,8;01-2017;Jan;1;2017;0,94911885;-0,050881147
184;2016-12-30;JPEIGLSP Index;365,38;12-2016;Dec;12;2016;0,96283317;-0,037166834
183;2016-11-30;JPEIGLSP Index;387,6;11-2016;Nov;11;2016;0,94267285;-0,05732715
182;2016-10-31;JPEIGLSP Index;363,79;10-2016;Oct;10;2016;1,0654498;0,065449834
181;2016-09-30;JPEIGLSP Index;359,99;09-2016;Sep;9;2016;1,0105559;0,010555863
180;2016-08-31;JPEIGLSP Index;361,21;08-2016;Aug;8;2016;0,99662244;-0,0033775568
179;2016-07-29;JPEIGLSP Index;392,11;07-2016;Jul;7;2016;0,92119557;-0,07880443
178;2016-06-30;JPEIGLSP Index;406,56;06-2016;Jun;6;2016;0,96445787;-0,03554213
177;2016-05-31;JPEIGLSP Index;421,15;05-2016;May;5;2016;0,96535677;-0,034643233
176;2016-04-29;JPEIGLSP Index;410,07;04-2016;Apr;4;2016;1,0270197;0,02701974
175;2016-03-31;JPEIGLSP Index;433,79;03-2016;Mar;3;2016;0,9453192;-0,054680824
174;2016-02-29;JPEIGLSP Index;483,24;02-2016;Feb;2;2016;0,8976699;-0,10233009
173;2016-01-29;JPEIGLSP Index;493,6;01-2016;Jan;1;2016;0,9790113;-0,020988703
172;2015-12-31;JPEIGLSP Index;445,6;12-2015;Dec;12;2015;1,1077199;0,1077199
171;2015-11-30;JPEIGLSP Index;419,51;11-2015;Nov;11;2015;1,0621916;0,062191606
170;2015-10-30;JPEIGLSP Index;422,24;10-2015;Oct;10;2015;0,9935345;-0,0064654946
169;2015-09-30;JPEIGLSP Index;473,94;09-2015;Sep;9;2015;0,89091444;-0,10908556
168;2015-08-31;JPEIGLSP Index;429,94;08-2015;Aug;8;2015;1,1023399;0,102339864
167;2015-07-31;JPEIGLSP Index;406,68;07-2015;Jul;7;2015;1,0571948;0,05719483
166;2015-06-30;JPEIGLSP Index;391,76;06-2015;Jun;6;2015;1,0380845;0,038084507
165;2015-05-29;JPEIGLSP Index;380,31;05-2015;May;5;2015;1,030107;0,030107021
164;2015-04-30;JPEIGLSP Index;376,04;04-2015;Apr;4;2015;1,0113552;0,011355162
163;2015-03-31;JPEIGLSP Index;409,66;03-2015;Mar;3;2015;0,917932;-0,082068026
162;2015-02-27;JPEIGLSP Index;402,33;02-2015;Feb;2;2015;1,0182189;0,018218875
161;2015-01-30;JPEIGLSP Index;454,78;01-2015;Jan;1;2015;0,8846695;-0,11533052
160;2014-12-31;JPEIGLSP Index;404,2;12-2014;Dec;12;2014;1,125136;0,12513602
159;2014-11-28;JPEIGLSP Index;352,51;11-2014;Nov;11;2014;1,1466341;0,1466341
158;2014-10-31;JPEIGLSP Index;331,56;10-2014;Oct;10;2014;1,0631862;0,06318617
157;2014-09-30;JPEIGLSP Index;333,62;09-2014;Sep;9;2014;0,9938253;-0,0061746836
156;2014-08-29;JPEIGLSP Index;306,35;08-2014;Aug;8;2014;1,0890158;0,08901584
155;2014-07-31;JPEIGLSP Index;290,57;07-2014;Jul;7;2014;1,0543071;0,054307103
154;2014-06-30;JPEIGLSP Index;284,97;06-2014;Jun;6;2014;1,0196512;0,019651175
153;2014-05-30;JPEIGLSP Index;292,54;05-2014;May;5;2014;0,9741232;-0,02587682
152;2014-04-30;JPEIGLSP Index;315,3;04-2014;Apr;4;2014;0,92781484;-0,07218516
151;2014-03-31;JPEIGLSP Index;323,52;03-2014;Mar;3;2014;0,974592;-0,02540803
150;2014-02-28;JPEIGLSP Index;344,24;02-2014;Feb;2;2014;0,93980944;-0,06019056
149;2014-01-31;JPEIGLSP Index;389,86;01-2014;Jan;1;2014;0,8829836;-0,117016375
148;2013-12-31;JPEIGLSP Index;327,18;12-2013;Dec;12;2013;1,1915765;0,19157648
147;2013-11-29;JPEIGLSP Index;355,0;11-2013;Nov;11;2013;0,9216338;-0,07836622
146;2013-10-31;JPEIGLSP Index;327,51;10-2013;Oct;10;2013;1,0839363;0,08393633
145;2013-09-30;JPEIGLSP Index;355,29;09-2013;Sep;9;2013;0,9218103;-0,07818967
144;2013-08-30;JPEIGLSP Index;375,11;08-2013;Aug;8;2013;0,9471622;-0,05283779
143;2013-07-31;JPEIGLSP Index;342,99;07-2013;Jul;7;2013;1,093647;0,093647
142;2013-06-28;JPEIGLSP Index;353,42;06-2013;Jun;6;2013;0,9704883;-0,02951169
141;2013-05-31;JPEIGLSP Index;306,87;05-2013;May;5;2013;1,151693;0,15169299
140;2013-04-30;JPEIGLSP Index;291,27;04-2013;Apr;4;2013;1,0535586;0,053558588
139;2013-03-29;JPEIGLSP Index;307,35;03-2013;Mar;3;2013;0,9476817;-0,052318275
138;2013-02-28;JPEIGLSP Index;288,33;02-2013;Feb;2;2013;1,0659661;0,06596613
137;2013-01-31;JPEIGLSP Index;270,74;01-2013;Jan;1;2013;1,06497;0,06497002
136;2012-12-31;JPEIGLSP Index;265,78;12-2012;Dec;12;2012;1,018662;0,018661976
135;2012-11-30;JPEIGLSP Index;286,64;11-2012;Nov;11;2012;0,9272257;-0,07277429
134;2012-10-31;JPEIGLSP Index;295,76;10-2012;Oct;10;2012;0,9691642;-0,030835807
133;2012-09-28;JPEIGLSP Index;307,67;09-2012;Sep;9;2012;0,9612897;-0,038710296
132;2012-08-31;JPEIGLSP Index;325,45;08-2012;Aug;8;2012;0,94536793;-0,054632068
131;2012-07-31;JPEIGLSP Index;341,37;07-2012;Jul;7;2012;0,95336443;-0,04663557
130;2012-06-29;JPEIGLSP Index;374,17;06-2012;Jun;6;2012;0,91233927;-0,08766073
129;2012-05-31;JPEIGLSP Index;428,98;05-2012;May;5;2012;0,87223184;-0,12776816
128;2012-04-30;JPEIGLSP Index;348,0;04-2012;Apr;4;2012;1,2327012;0,23270118
127;2012-03-30;JPEIGLSP Index;341,58;03-2012;Mar;3;2012;1,018795;0,018795013
126;2012-02-29;JPEIGLSP Index;356,77;02-2012;Feb;2;2012;0,95742357;-0,042576432
125;2012-01-31;JPEIGLSP Index;412,23;01-2012;Jan;1;2012;0,8654634;-0,13453662
124;2011-12-30;JPEIGLSP Index;426,34;12-2011;Dec;12;2011;0,9669044;-0,0330956
123;2011-11-30;JPEIGLSP Index;413,25;11-2011;Nov;11;2011;1,0316757;0,031675696
122;2011-10-31;JPEIGLSP Index;391,73;10-2011;Oct;10;2011;1,0549358;0,054935813
121;2011-09-30;JPEIGLSP Index;464,96;09-2011;Sep;9;2011;0,8425026;-0,1574974
725;2021-09-30;DXY Index;94,23;09-2021;Sep;9;2021;;
724;2021-08-31;DXY Index;92,626;08-2021;Aug;8;2021;1,0173169;0,017316937
723;2021-07-30;DXY Index;92,174;07-2021;Jul;7;2021;1,0049037;0,004903674
722;2021-06-30;DXY Index;92,436;06-2021;Jun;6;2021;0,9971657;-0,00283432
721;2021-05-31;DXY Index;89,829;05-2021;May;5;2021;1,0290217;0,02902174
720;2021-04-30;DXY Index;91,28;04-2021;Apr;4;2021;0,9841039;-0,015896082
719;2021-03-31;DXY Index;93,232;03-2021;Mar;3;2021;0,979063;-0,020937026
718;2021-02-26;DXY Index;90,879;02-2021;Feb;2;2021;1,0258917;0,025891662
717;2021-01-29;DXY Index;90,584;01-2021;Jan;1;2021;1,0032567;0,0032566786
716;2020-12-31;DXY Index;89,937;12-2020;Dec;12;2020;1,0071939;0,007193923
715;2020-11-30;DXY Index;91,869;11-2020;Nov;11;2020;0,97897;-0,021030009
714;2020-10-30;DXY Index;94,038;10-2020;Oct;10;2020;0,97693485;-0,02306515
713;2020-09-30;DXY Index;93,886;09-2020;Sep;9;2020;1,001619;0,0016189814
712;2020-08-31;DXY Index;92,144;08-2020;Aug;8;2020;1,0189053;0,018905282
711;2020-07-31;DXY Index;93,349;07-2020;Jul;7;2020;0,9870914;-0,012908578
710;2020-06-30;DXY Index;97,391;06-2020;Jun;6;2020;0,95849717;-0,041502833
709;2020-05-29;DXY Index;98,344;05-2020;May;5;2020;0,9903095;-0,009690523
708;2020-04-30;DXY Index;99,016;04-2020;Apr;4;2020;0,99321324;-0,0067867637
707;2020-03-31;DXY Index;99,048;03-2020;Mar;3;2020;0,99967694;-0,00032305717
706;2020-02-28;DXY Index;98,132;02-2020;Feb;2;2020;1,0093343;0,009334326
705;2020-01-31;DXY Index;97,39;01-2020;Jan;1;2020;1,0076189;0,007618904
704;2019-12-31;DXY Index;96,389;12-2019;Dec;12;2019;1,010385;0,0103850365
703;2019-11-29;DXY Index;98,273;11-2019;Nov;11;2019;0,9808289;-0,019171119
702;2019-10-31;DXY Index;97,352;10-2019;Oct;10;2019;1,0094606;0,009460568
701;2019-09-30;DXY Index;99,377;09-2019;Sep;9;2019;0,979623;-0,02037698
700;2019-08-30;DXY Index;98,916;08-2019;Aug;8;2019;1,0046605;0,004660487
699;2019-07-31;DXY Index;98,516;07-2019;Jul;7;2019;1,0040603;0,0040602684
698;2019-06-28;DXY Index;96,13;06-2019;Jun;6;2019;1,0248206;0,024820566
697;2019-05-31;DXY Index;97,75;05-2019;May;5;2019;0,9834271;-0,016572893
696;2019-04-30;DXY Index;97,479;04-2019;Apr;4;2019;1,0027801;0,0027800798
695;2019-03-29;DXY Index;97,284;03-2019;Mar;3;2019;1,0020044;0,002004385
694;2019-02-28;DXY Index;96,157;02-2019;Feb;2;2019;1,0117204;0,011720419
693;2019-01-31;DXY Index;95,578;01-2019;Jan;1;2019;1,0060579;0,0060578585
692;2018-12-31;DXY Index;96,173;12-2018;Dec;12;2018;0,9938133;-0,0061867237
691;2018-11-30;DXY Index;97,272;11-2018;Nov;11;2018;0,9887017;-0,011298299
690;2018-10-31;DXY Index;97,127;10-2018;Oct;10;2018;1,001493;0,0014929771
689;2018-09-28;DXY Index;95,132;09-2018;Sep;9;2018;1,0209708;0,020970821
688;2018-08-31;DXY Index;95,14;08-2018;Aug;8;2018;0,99991596;-8,404255e-05
687;2018-07-31;DXY Index;94,554;07-2018;Jul;7;2018;1,0061975;0,0061974525
686;2018-06-29;DXY Index;94,47;06-2018;Jun;6;2018;1,0008892;0,0008891821
685;2018-05-31;DXY Index;93,979;05-2018;May;5;2018;1,0052246;0,0052245855
684;2018-04-30;DXY Index;91,841;04-2018;Apr;4;2018;1,0232793;0,02327931
683;2018-03-30;DXY Index;89,974;03-2018;Mar;3;2018;1,0207505;0,020750523
682;2018-02-28;DXY Index;90,613;02-2018;Feb;2;2018;0,99294806;-0,0070519447
681;2018-01-31;DXY Index;89,133;01-2018;Jan;1;2018;1,0166043;0,016604304
680;2017-12-29;DXY Index;92,124;12-2017;Dec;12;2017;0,96753293;-0,032467067
679;2017-11-30;DXY Index;93,047;11-2017;Nov;11;2017;0,9900803;-0,009919703
678;2017-10-31;DXY Index;94,552;10-2017;Oct;10;2017;0,98408276;-0,015917242
677;2017-09-29;DXY Index;93,076;09-2017;Sep;9;2017;1,015858;0,015858054
676;2017-08-31;DXY Index;92,668;08-2017;Aug;8;2017;1,0044028;0,0044027567
675;2017-07-31;DXY Index;92,863;07-2017;Jul;7;2017;0,9979001;-0,0020998716
674;2017-06-30;DXY Index;95,628;06-2017;Jun;6;2017;0,9710859;-0,028914094
673;2017-05-31;DXY Index;96,922;05-2017;May;5;2017;0,9866491;-0,013350904
672;2017-04-28;DXY Index;99,05;04-2017;Apr;4;2017;0,97851586;-0,021484137
671;2017-03-31;DXY Index;100,35;03-2017;Mar;3;2017;0,9870454;-0,012954593
670;2017-02-28;DXY Index;101,12;02-2017;Feb;2;2017;0,99238527;-0,007614732
669;2017-01-31;DXY Index;99,512;01-2017;Jan;1;2017;1,0161588;0,01615882
668;2016-12-30;DXY Index;102,21;12-2016;Dec;12;2016;0,97360337;-0,026396632
667;2016-11-30;DXY Index;101,5;11-2016;Nov;11;2016;1,0069951;0,006995082
666;2016-10-31;DXY Index;98,445;10-2016;Oct;10;2016;1,0310326;0,031032562
665;2016-09-30;DXY Index;95,463;09-2016;Sep;9;2016;1,0312372;0,031237245
664;2016-08-31;DXY Index;96,022;08-2016;Aug;8;2016;0,99417835;-0,0058216453
663;2016-07-29;DXY Index;95,53;07-2016;Jul;7;2016;1,0051503;0,005150318
662;2016-06-30;DXY Index;96,143;06-2016;Jun;6;2016;0,9936241;-0,006375909
661;2016-05-31;DXY Index;95,891;05-2016;May;5;2016;1,002628;0,0026279688
660;2016-04-29;DXY Index;93,082;04-2016;Apr;4;2016;1,0301777;0,030177712
659;2016-03-31;DXY Index;94,586;03-2016;Mar;3;2016;0,98409915;-0,01590085
658;2016-02-29;DXY Index;98,211;02-2016;Feb;2;2016;0,96308964;-0,036910355
657;2016-01-29;DXY Index;99,606;01-2016;Jan;1;2016;0,98599476;-0,014005244
656;2015-12-31;DXY Index;98,631;12-2015;Dec;12;2015;1,0098854;0,00988543
655;2015-11-30;DXY Index;100,17;11-2015;Nov;11;2015;0,9846361;-0,015363872
654;2015-10-30;DXY Index;96,946;10-2015;Oct;10;2015;1,0332556;0,033255577
653;2015-09-30;DXY Index;96,35;09-2015;Sep;9;2015;1,0061858;0,00618577
652;2015-08-31;DXY Index;95,824;08-2015;Aug;8;2015;1,0054892;0,00548923
651;2015-07-31;DXY Index;97,336;07-2015;Jul;7;2015;0,9844662;-0,015533805
650;2015-06-30;DXY Index;95,485;06-2015;Jun;6;2015;1,0193852;0,019385219
649;2015-05-29;DXY Index;96,907;05-2015;May;5;2015;0,9853262;-0,014673829
648;2015-04-30;DXY Index;94,6;04-2015;Apr;4;2015;1,0243869;0,024386883
647;2015-03-31;DXY Index;98,357;03-2015;Mar;3;2015;0,96180236;-0,038197637
646;2015-02-27;DXY Index;95,293;02-2015;Feb;2;2015;1,0321535;0,032153487
645;2015-01-30;DXY Index;94,804;01-2015;Jan;1;2015;1,005158;0,0051579475
644;2014-12-31;DXY Index;90,269;12-2014;Dec;12;2014;1,0502387;0,05023873
643;2014-11-28;DXY Index;88,356;11-2014;Nov;11;2014;1,021651;0,02165103
642;2014-10-31;DXY Index;86,917;10-2014;Oct;10;2014;1,016556;0,016556025
641;2014-09-30;DXY Index;85,936;09-2014;Sep;9;2014;1,0114155;0,011415482
640;2014-08-29;DXY Index;82,748;08-2014;Aug;8;2014;1,0385265;0,038526535
639;2014-07-31;DXY Index;81,456;07-2014;Jul;7;2014;1,0158613;0,015861273
638;2014-06-30;DXY Index;79,775;06-2014;Jun;6;2014;1,0210718;0,021071792
637;2014-05-30;DXY Index;80,369;05-2014;May;5;2014;0,9926091;-0,0073909163
636;2014-04-30;DXY Index;79,474;04-2014;Apr;4;2014;1,0112616;0,011261582
635;2014-03-31;DXY Index;80,1;03-2014;Mar;3;2014;0,99218476;-0,007815242
634;2014-02-28;DXY Index;79,691;02-2014;Feb;2;2014;1,0051323;0,0051323175
633;2014-01-31;DXY Index;81,311;01-2014;Jan;1;2014;0,98007655;-0,019923449
632;2013-12-31;DXY Index;80,035;12-2013;Dec;12;2013;1,0159429;0,015942931
631;2013-11-29;DXY Index;80,68;11-2013;Nov;11;2013;0,99200547;-0,007994533
630;2013-10-31;DXY Index;80,195;10-2013;Oct;10;2013;1,0060477;0,0060477257
629;2013-09-30;DXY Index;80,221;09-2013;Sep;9;2013;0,99967587;-0,00032413006
628;2013-08-30;DXY Index;82,087;08-2013;Aug;8;2013;0,97726804;-0,02273196
627;2013-07-31;DXY Index;81,452;07-2013;Jul;7;2013;1,0077959;0,00779593
626;2013-06-28;DXY Index;83,136;06-2013;Jun;6;2013;0,9797441;-0,020255923
625;2013-05-31;DXY Index;83,375;05-2013;May;5;2013;0,99713343;-0,0028665662
624;2013-04-30;DXY Index;81,746;04-2013;Apr;4;2013;1,0199275;0,019927502
623;2013-03-29;DXY Index;82,976;03-2013;Mar;3;2013;0,9851765;-0,014823496
622;2013-02-28;DXY Index;81,949;02-2013;Feb;2;2013;1,0125322;0,012532234
621;2013-01-31;DXY Index;79,207;01-2013;Jan;1;2013;1,0346181;0,03461814
620;2012-12-31;DXY Index;79,769;12-2012;Dec;12;2012;0,9929547;-0,0070453286
619;2012-11-30;DXY Index;80,153;11-2012;Nov;11;2012;0,99520916;-0,0047908425
618;2012-10-31;DXY Index;79,919;10-2012;Oct;10;2012;1,002928;0,0029280186
617;2012-09-28;DXY Index;79,935;09-2012;Sep;9;2012;0,99979985;-0,0002001524
616;2012-08-31;DXY Index;81,208;08-2012;Aug;8;2012;0,98432416;-0,015675843
615;2012-07-31;DXY Index;82,635;07-2012;Jul;7;2012;0,9827313;-0,017268717
614;2012-06-29;DXY Index;81,627;06-2012;Jun;6;2012;1,0123489;0,01234889
613;2012-05-31;DXY Index;83,043;05-2012;May;5;2012;0,9829486;-0,017051399
612;2012-04-30;DXY Index;78,776;04-2012;Apr;4;2012;1,0541662;0,054166198
611;2012-03-30;DXY Index;79,004;03-2012;Mar;3;2012;0,9971141;-0,002885878
610;2012-02-29;DXY Index;78,737;02-2012;Feb;2;2012;1,003391;0,0033910275
609;2012-01-31;DXY Index;79,288;01-2012;Jan;1;2012;0,99305063;-0,006949365
608;2011-12-30;DXY Index;80,178;12-2011;Dec;12;2011;0,9888997;-0,011100292
607;2011-11-30;DXY Index;78,384;11-2011;Nov;11;2011;1,0228873;0,02288735
606;2011-10-31;DXY Index;76,166;10-2011;Oct;10;2011;1,0291207;0,029120684
605;2011-09-30;DXY Index;78,553;09-2011;Sep;9;2011;0,96961284;-0,030387163
120;2021-09-30;CRY Index;228,9221;09-2021;Sep;9;2021;;
119;2021-08-31;CRY Index;218,1659;08-2021;Aug;8;2021;1,0493029;0,049302936
118;2021-07-30;CRY Index;218,0778;07-2021;Jul;7;2021;1,0004039;0,00040388107
117;2021-06-30;CRY Index;213,3853;06-2021;Jun;6;2021;1,0219908;0,021990776
116;2021-05-31;CRY Index;205,6988;05-2021;May;5;2021;1,0373677;0,0373677
115;2021-04-30;CRY Index;199,7578;04-2021;Apr;4;2021;1,029741;0,029741049
114;2021-03-31;CRY Index;184,9619;03-2021;Mar;3;2021;1,0799943;0,07999432
113;2021-02-26;CRY Index;190,4336;02-2021;Feb;2;2021;0,97126716;-0,028732836
112;2021-01-29;CRY Index;174,2021;01-2021;Jan;1;2021;1,0931762;0,093176246
111;2020-12-31;CRY Index;167,7969;12-2020;Dec;12;2020;1,0381724;0,038172364
110;2020-11-30;CRY Index;160,0558;11-2020;Nov;11;2020;1,048365;0,048364997
109;2020-10-30;CRY Index;144,7289;10-2020;Oct;10;2020;1,1059008;0,105900764
108;2020-09-30;CRY Index;148,5066;09-2020;Sep;9;2020;0,974562;-0,02543801
107;2020-08-31;CRY Index;153,2139;08-2020;Aug;8;2020;0,96927637;-0,030723631
106;2020-07-31;CRY Index;143,6936;07-2020;Jul;7;2020;1,0662541;0,06625414
105;2020-06-30;CRY Index;137,9715;06-2020;Jun;6;2020;1,0414732;0,04147315
104;2020-05-29;CRY Index;132,2442;05-2020;May;5;2020;1,0433085;0,043308496
103;2020-04-30;CRY Index;117,1958;04-2020;Apr;4;2020;1,1284039;0,1284039
102;2020-03-31;CRY Index;121,7868;03-2020;Mar;3;2020;0,962303;-0,037697017
101;2020-02-28;CRY Index;159,4459;02-2020;Feb;2;2020;0,7638126;-0,2361874
100;2020-01-31;CRY Index;170,3058;01-2020;Jan;1;2020;0,936233;-0,063767016
99;2019-12-31;CRY Index;185,787;12-2019;Dec;12;2019;0,9166723;-0,08332771
98;2019-11-29;CRY Index;176,6551;11-2019;Nov;11;2019;1,0516933;0,05169332
97;2019-10-31;CRY Index;176,8933;10-2019;Oct;10;2019;0,9986535;-0,0013465285
96;2019-09-30;CRY Index;173,9399;09-2019;Sep;9;2019;1,0169795;0,016979456
95;2019-08-30;CRY Index;170,3556;08-2019;Aug;8;2019;1,0210401;0,021040082
94;2019-07-31;CRY Index;178,5257;07-2019;Jul;7;2019;0,9542358;-0,045764208
93;2019-06-28;CRY Index;181,0378;06-2019;Jun;6;2019;0,9861239;-0,0138760805
92;2019-05-31;CRY Index;175,3632;05-2019;May;5;2019;1,0323591;0,032359123
91;2019-04-30;CRY Index;184,25;04-2019;Apr;4;2019;0,95176774;-0,048232257
90;2019-03-29;CRY Index;183,7511;03-2019;Mar;3;2019;1,0027151;0,0027151108
89;2019-02-28;CRY Index;182,7455;02-2019;Feb;2;2019;1,0055027;0,005502701
88;2019-01-31;CRY Index;179,6389;01-2019;Jan;1;2019;1,0172936;0,017293572
87;2018-12-31;CRY Index;169,8018;12-2018;Dec;12;2018;1,0579329;0,057932854
86;2018-11-30;CRY Index;181,7376;11-2018;Nov;11;2018;0,934324;-0,065675974
85;2018-10-31;CRY Index;190,9659;10-2018;Oct;10;2018;0,95167565;-0,048324347
84;2018-09-28;CRY Index;195,1592;09-2018;Sep;9;2018;0,9785134;-0,02148658
83;2018-08-31;CRY Index;192,955;08-2018;Aug;8;2018;1,0114233;0,011423349
82;2018-07-31;CRY Index;194,5304;07-2018;Jul;7;2018;0,9919016;-0,0080984235
81;2018-06-29;CRY Index;200,3852;06-2018;Jun;6;2018;0,9707823;-0,02921772
80;2018-05-31;CRY Index;202,841;05-2018;May;5;2018;0,9878929;-0,012107074
79;2018-04-30;CRY Index;201,982;04-2018;Apr;4;2018;1,0042529;0,0042529106
78;2018-03-30;CRY Index;195,364;03-2018;Mar;3;2018;1,0338752;0,033875227
77;2018-02-28;CRY Index;193,9485;02-2018;Feb;2;2018;1,0072984;0,0072983503
76;2018-01-31;CRY Index;197,3757;01-2018;Jan;1;2018;0,98263615;-0,017363846
75;2017-12-29;CRY Index;193,8647;12-2017;Dec;12;2017;1,0181106;0,018110633
74;2017-11-30;CRY Index;189,1714;11-2017;Nov;11;2017;1,0248097;0,024809718
73;2017-10-31;CRY Index;187,5576;10-2017;Oct;10;2017;1,0086043;0,008604288
72;2017-09-29;CRY Index;183,0882;09-2017;Sep;9;2017;1,0244112;0,024411201
71;2017-08-31;CRY Index;180,857;08-2017;Aug;8;2017;1,0123369;0,01233685
70;2017-07-31;CRY Index;182,6423;07-2017;Jul;7;2017;0,99022514;-0,009774864
69;2017-06-30;CRY Index;174,776;06-2017;Jun;6;2017;1,045008;0,045007944
68;2017-05-31;CRY Index;179,7724;05-2017;May;5;2017;0,97220707;-0,02779293
67;2017-04-28;CRY Index;181,7253;04-2017;Apr;4;2017;0,9892536;-0,010746419
66;2017-03-31;CRY Index;185,883;03-2017;Mar;3;2017;0,9776327;-0,022367299
65;2017-02-28;CRY Index;190,6208;02-2017;Feb;2;2017;0,9751454;-0,0248546
64;2017-01-31;CRY Index;192,0354;01-2017;Jan;1;2017;0,99263364;-0,0073663592
63;2016-12-30;CRY Index;192,5115;12-2016;Dec;12;2016;0,9975269;-0,002473116
62;2016-11-30;CRY Index;189,3122;11-2016;Nov;11;2016;1,0168997;0,016899705
61;2016-10-31;CRY Index;186,2759;10-2016;Oct;10;2016;1,0163;0,016299963
60;2016-09-30;CRY Index;186,3155;09-2016;Sep;9;2016;0,9997874;-0,00021260977
59;2016-08-31;CRY Index;180,2067;08-2016;Aug;8;2016;1,033899;0,03389895
58;2016-07-29;CRY Index;181,0139;07-2016;Jul;7;2016;0,9955406;-0,004459381
57;2016-06-30;CRY Index;192,574;06-2016;Jun;6;2016;0,9399706;-0,060029387
56;2016-05-31;CRY Index;186,1531;05-2016;May;5;2016;1,0344926;0,034492612
55;2016-04-29;CRY Index;184,6109;04-2016;Apr;4;2016;1,0083538;0,008353829
54;2016-03-31;CRY Index;170,5209;03-2016;Mar;3;2016;1,0826291;0,082629085
53;2016-02-29;CRY Index;163,2157;02-2016;Feb;2;2016;1,044758;0,044757962
52;2016-01-29;CRY Index;166,7525;01-2016;Jan;1;2016;0,9787901;-0,021209896
51;2015-12-31;CRY Index;176,1439;12-2015;Dec;12;2015;0,94668335;-0,053316653
50;2015-11-30;CRY Index;182,5396;11-2015;Nov;11;2015;0,9649627;-0,03503728
49;2015-10-30;CRY Index;195,6069;10-2015;Oct;10;2015;0,93319607;-0,06680393
48;2015-09-30;CRY Index;193,7648;09-2015;Sep;9;2015;1,009507;0,009506941
47;2015-08-31;CRY Index;202,0906;08-2015;Aug;8;2015;0,9588016;-0,041198373
46;2015-07-31;CRY Index;202,572;07-2015;Jul;7;2015;0,99762356;-0,0023764372
45;2015-06-30;CRY Index;227,1702;06-2015;Jun;6;2015;0,8917191;-0,1082809
44;2015-05-29;CRY Index;223,1754;05-2015;May;5;2015;1,0178998;0,017899752
43;2015-04-30;CRY Index;229,4856;04-2015;Apr;4;2015;0,9725029;-0,027497113
42;2015-03-31;CRY Index;211,8596;03-2015;Mar;3;2015;1,0831965;0,08319652
41;2015-02-27;CRY Index;224,0779;02-2015;Feb;2;2015;0,945473;-0,054526985
40;2015-01-30;CRY Index;218,8402;01-2015;Jan;1;2015;1,0239339;0,023933887
39;2014-12-31;CRY Index;229,9579;12-2014;Dec;12;2014;0,9516533;-0,0483467
38;2014-11-28;CRY Index;254,3675;11-2014;Nov;11;2014;0,9040381;-0,09596193
37;2014-10-31;CRY Index;271,961;10-2014;Oct;10;2014;0,9353087;-0,064691305
36;2014-09-30;CRY Index;278,5455;09-2014;Sep;9;2014;0,9763611;-0,023638904
35;2014-08-29;CRY Index;292,7457;08-2014;Aug;8;2014;0,9514931;-0,048506916
34;2014-07-31;CRY Index;294,4332;07-2014;Jul;7;2014;0,99426866;-0,005731344
33;2014-06-30;CRY Index;308,2238;06-2014;Jun;6;2014;0,9552579;-0,044742107
32;2014-05-30;CRY Index;305,4813;05-2014;May;5;2014;1,0089777;0,008977652
31;2014-04-30;CRY Index;309,5277;04-2014;Apr;4;2014;0,98692715;-0,013072848
30;2014-03-31;CRY Index;304,6656;03-2014;Mar;3;2014;1,0159589;0,015958905
29;2014-02-28;CRY Index;302,4259;02-2014;Feb;2;2014;1,0074058;0,007405758
28;2014-01-31;CRY Index;283,3118;01-2014;Jan;1;2014;1,0674666;0,06746662
27;2013-12-31;CRY Index;280,1721;12-2013;Dec;12;2013;1,0112064;0,0112063885
26;2013-11-29;CRY Index;274,8817;11-2013;Nov;11;2013;1,019246;0,019245982
25;2013-10-31;CRY Index;277,8629;10-2013;Oct;10;2013;0,989271;-0,010729015
24;2013-09-30;CRY Index;285,5414;09-2013;Sep;9;2013;0,973109;-0,026890993
23;2013-08-30;CRY Index;291,1622;08-2013;Aug;8;2013;0,9806953;-0,019304693
22;2013-07-31;CRY Index;283,9425;07-2013;Jul;7;2013;1,0254266;0,025426626
21;2013-06-28;CRY Index;275,6195;06-2013;Jun;6;2013;1,0301974;0,030197382
20;2013-05-31;CRY Index;281,8523;05-2013;May;5;2013;0,9778863;-0,02211368
19;2013-04-30;CRY Index;288,1342;04-2013;Apr;4;2013;0,97819805;-0,021801949
18;2013-03-29;CRY Index;296,3915;03-2013;Mar;3;2013;0,9721405;-0,027859509
17;2013-02-28;CRY Index;292,9464;02-2013;Feb;2;2013;1,0117601;0,011760116
16;2013-01-31;CRY Index;303,9876;01-2013;Jan;1;2013;0,9636788;-0,036321223
15;2012-12-31;CRY Index;295,01;12-2012;Dec;12;2012;1,0304315;0,030431509
14;2012-11-30;CRY Index;298,98;11-2012;Nov;11;2012;0,9867215;-0,013278484
13;2012-10-31;CRY Index;295,84;10-2012;Oct;10;2012;1,0106139;0,010613918
12;2012-09-28;CRY Index;309,3;09-2012;Sep;9;2012;0,9564824;-0,04351759
11;2012-08-31;CRY Index;309,59;08-2012;Aug;8;2012;0,99906325;-0,0009367466
10;2012-07-31;CRY Index;299,51;07-2012;Jul;7;2012;1,0336549;0,03365493
9;2012-06-29;CRY Index;284,19;06-2012;Jun;6;2012;1,0539076;0,053907633
8;2012-05-31;CRY Index;272,97;05-2012;May;5;2012;1,0411034;0,041103363
7;2012-04-30;CRY Index;305,95;04-2012;Apr;4;2012;0,8922046;-0,10779542
6;2012-03-30;CRY Index;308,46;03-2012;Mar;3;2012;0,9918629;-0,008137107
5;2012-02-29;CRY Index;322,43;02-2012;Feb;2;2012;0,9566728;-0,043327212
4;2012-01-31;CRY Index;312,31;01-2012;Jan;1;2012;1,0324037;0,032403708
3;2011-12-30;CRY Index;305,3;12-2011;Dec;12;2011;1,022961;0,02296102
2;2011-11-30;CRY Index;313,82;11-2011;Nov;11;2011;0,9728506;-0,02714938
1;2011-10-31;CRY Index;319,84;10-2011;Oct;10;2011;0,9811781;-0,018821895
0;2011-09-30;CRY Index;298,15;09-2011;Sep;9;2011;1,0727487;0,07274866
483;2021-09-30;CAD Curncy;1,268;09-2021;Sep;9;2021;;
482;2021-08-31;CAD Curncy;1,2616;08-2021;Aug;8;2021;1,005073;0,0050729513
481;2021-07-30;CAD Curncy;1,2475;07-2021;Jul;7;2021;1,0113027;0,01130271
480;2021-06-30;CAD Curncy;1,2398;06-2021;Jun;6;2021;1,0062107;0,006210685
479;2021-05-31;CAD Curncy;1,2064;05-2021;May;5;2021;1,0276856;0,027685642
478;2021-04-30;CAD Curncy;1,2287;04-2021;Apr;4;2021;0,98185074;-0,018149257
477;2021-03-31;CAD Curncy;1,2562;03-2021;Mar;3;2021;0,97810864;-0,021891356
476;2021-02-26;CAD Curncy;1,2738;02-2021;Feb;2;2021;0,98618305;-0,013816953
475;2021-01-29;CAD Curncy;1,2777;01-2021;Jan;1;2021;0,9969477;-0,0030522943
474;2020-12-31;CAD Curncy;1,2725;12-2020;Dec;12;2020;1,0040864;0,0040863752
473;2020-11-30;CAD Curncy;1,3001;11-2020;Nov;11;2020;0,9787709;-0,021229088
472;2020-10-30;CAD Curncy;1,3321;10-2020;Oct;10;2020;0,9759777;-0,024022281
471;2020-09-30;CAD Curncy;1,3319;09-2020;Sep;9;2020;1,0001502;0,0001502037
470;2020-08-31;CAD Curncy;1,3047;08-2020;Aug;8;2020;1,0208477;0,020847678
469;2020-07-31;CAD Curncy;1,3412;07-2020;Jul;7;2020;0,9727856;-0,027214408
468;2020-06-30;CAD Curncy;1,3576;06-2020;Jun;6;2020;0,98791987;-0,012080133
467;2020-05-29;CAD Curncy;1,378;05-2020;May;5;2020;0,9851959;-0,014804125
466;2020-04-30;CAD Curncy;1,3945;04-2020;Apr;4;2020;0,9881678;-0,011832178
465;2020-03-31;CAD Curncy;1,4062;03-2020;Mar;3;2020;0,99167967;-0,008320332
464;2020-02-28;CAD Curncy;1,3407;02-2020;Feb;2;2020;1,0488551;0,048855066
463;2020-01-31;CAD Curncy;1,3237;01-2020;Jan;1;2020;1,0128429;0,012842894
462;2019-12-31;CAD Curncy;1,299;12-2019;Dec;12;2019;1,0190146;0,019014597
461;2019-11-29;CAD Curncy;1,3282;11-2019;Nov;11;2019;0,97801536;-0,021984637
460;2019-10-31;CAD Curncy;1,3164;10-2019;Oct;10;2019;1,0089638;0,008963823
459;2019-09-30;CAD Curncy;1,3241;09-2019;Sep;9;2019;0,99418473;-0,0058152676
458;2019-08-30;CAD Curncy;1,3311;08-2019;Aug;8;2019;0,9947412;-0,0052587986
457;2019-07-31;CAD Curncy;1,3191;07-2019;Jul;7;2019;1,0090971;0,009097099
456;2019-06-28;CAD Curncy;1,3095;06-2019;Jun;6;2019;1,0073311;0,007331133
455;2019-05-31;CAD Curncy;1,3516;05-2019;May;5;2019;0,9688517;-0,031148314
454;2019-04-30;CAD Curncy;1,3388;04-2019;Apr;4;2019;1,0095608;0,009560823
453;2019-03-29;CAD Curncy;1,3349;03-2019;Mar;3;2019;1,0029215;0,002921462
452;2019-02-28;CAD Curncy;1,3172;02-2019;Feb;2;2019;1,0134376;0,013437629
451;2019-01-31;CAD Curncy;1,3125;01-2019;Jan;1;2019;1,0035809;0,0035809278
450;2018-12-31;CAD Curncy;1,3637;12-2018;Dec;12;2018;0,96245503;-0,037544966
449;2018-11-30;CAD Curncy;1,3292;11-2018;Nov;11;2018;1,0259554;0,025955439
448;2018-10-31;CAD Curncy;1,3157;10-2018;Oct;10;2018;1,0102607;0,010260701
447;2018-09-28;CAD Curncy;1,2908;09-2018;Sep;9;2018;1,0192904;0,019290447
446;2018-08-31;CAD Curncy;1,304;08-2018;Aug;8;2018;0,9898773;-0,010122716
445;2018-07-31;CAD Curncy;1,3006;07-2018;Jul;7;2018;1,0026141;0,0026141405
444;2018-06-29;CAD Curncy;1,3133;06-2018;Jun;6;2018;0,99032974;-0,009670258
443;2018-05-31;CAD Curncy;1,2958;05-2018;May;5;2018;1,0135052;0,01350522
442;2018-04-30;CAD Curncy;1,2843;04-2018;Apr;4;2018;1,0089543;0,008954287
441;2018-03-30;CAD Curncy;1,29;03-2018;Mar;3;2018;0,9955814;-0,0044186115
440;2018-02-28;CAD Curncy;1,2831;02-2018;Feb;2;2018;1,0053775;0,005377531
439;2018-01-31;CAD Curncy;1,2315;01-2018;Jan;1;2018;1,0419002;0,041900158
438;2017-12-29;CAD Curncy;1,2571;12-2017;Dec;12;2017;0,9796357;-0,020364285
437;2017-11-30;CAD Curncy;1,2897;11-2017;Nov;11;2017;0,97472274;-0,025277257
436;2017-10-31;CAD Curncy;1,2888;10-2017;Oct;10;2017;1,0006983;0,000698328
435;2017-09-29;CAD Curncy;1,2472;09-2017;Sep;9;2017;1,0333548;0,03335476
434;2017-08-31;CAD Curncy;1,2482;08-2017;Aug;8;2017;0,9991988;-0,00080120564
433;2017-07-31;CAD Curncy;1,248;07-2017;Jul;7;2017;1,0001603;0,0001603365
432;2017-06-30;CAD Curncy;1,2964;06-2017;Jun;6;2017;0,9626659;-0,037334085
431;2017-05-31;CAD Curncy;1,35;05-2017;May;5;2017;0,9602962;-0,039703786
430;2017-04-28;CAD Curncy;1,3653;04-2017;Apr;4;2017;0,9887937;-0,011206329
429;2017-03-31;CAD Curncy;1,3318;03-2017;Mar;3;2017;1,025154;0,025153995
428;2017-02-28;CAD Curncy;1,3301;02-2017;Feb;2;2017;1,001278;0,0012780428
427;2017-01-31;CAD Curncy;1,303;01-2017;Jan;1;2017;1,0207982;0,020798206
426;2016-12-30;CAD Curncy;1,3441;12-2016;Dec;12;2016;0,9694219;-0,030578077
425;2016-11-30;CAD Curncy;1,3437;11-2016;Nov;11;2016;1,0002977;0,0002976656
424;2016-10-31;CAD Curncy;1,3409;10-2016;Oct;10;2016;1,0020882;0,0020881891
423;2016-09-30;CAD Curncy;1,3127;09-2016;Sep;9;2016;1,0214823;0,021482348
422;2016-08-31;CAD Curncy;1,3105;08-2016;Aug;8;2016;1,0016787;0,0016787052
421;2016-07-29;CAD Curncy;1,303;07-2016;Jul;7;2016;1,005756;0,0057560205
420;2016-06-30;CAD Curncy;1,2924;06-2016;Jun;6;2016;1,0082017;0,008201718
419;2016-05-31;CAD Curncy;1,3093;05-2016;May;5;2016;0,9870924;-0,012907624
418;2016-04-29;CAD Curncy;1,2556;04-2016;Apr;4;2016;1,0427684;0,04276836
417;2016-03-31;CAD Curncy;1,3004;03-2016;Mar;3;2016;0,96554905;-0,03445095
416;2016-02-29;CAD Curncy;1,354;02-2016;Feb;2;2016;0,96041363;-0,039586365
415;2016-01-29;CAD Curncy;1,3976;01-2016;Jan;1;2016;0,9688036;-0,031196415
414;2015-12-31;CAD Curncy;1,3839;12-2015;Dec;12;2015;1,0098996;0,009899616
413;2015-11-30;CAD Curncy;1,3362;11-2015;Nov;11;2015;1,0356983;0,035698295
412;2015-10-30;CAD Curncy;1,308;10-2015;Oct;10;2015;1,0215597;0,021559715
411;2015-09-30;CAD Curncy;1,3313;09-2015;Sep;9;2015;0,9824983;-0,017501712
410;2015-08-31;CAD Curncy;1,314;08-2015;Aug;8;2015;1,013166;0,013165951
409;2015-07-31;CAD Curncy;1,3091;07-2015;Jul;7;2015;1,003743;0,0037430525
408;2015-06-30;CAD Curncy;1,2494;06-2015;Jun;6;2015;1,0477829;0,047782898
407;2015-05-29;CAD Curncy;1,2454;05-2015;May;5;2015;1,0032119;0,003211856
406;2015-04-30;CAD Curncy;1,2077;04-2015;Apr;4;2015;1,0312163;0,031216264
405;2015-03-31;CAD Curncy;1,2686;03-2015;Mar;3;2015;0,95199436;-0,04800564
404;2015-02-27;CAD Curncy;1,2515;02-2015;Feb;2;2015;1,0136635;0,01366353
403;2015-01-30;CAD Curncy;1,2732;01-2015;Jan;1;2015;0,9829563;-0,01704371
402;2014-12-31;CAD Curncy;1,1621;12-2014;Dec;12;2014;1,0956029;0,09560287
401;2014-11-28;CAD Curncy;1,1416;11-2014;Nov;11;2014;1,0179572;0,01795721
400;2014-10-31;CAD Curncy;1,1266;10-2014;Oct;10;2014;1,0133144;0,013314366
399;2014-09-30;CAD Curncy;1,1198;09-2014;Sep;9;2014;1,0060725;0,006072521
398;2014-08-29;CAD Curncy;1,0878;08-2014;Aug;8;2014;1,0294172;0,029417157
397;2014-07-31;CAD Curncy;1,0906;07-2014;Jul;7;2014;0,9974326;-0,0025674105
396;2014-06-30;CAD Curncy;1,0671;06-2014;Jun;6;2014;1,0220222;0,022022247
395;2014-05-30;CAD Curncy;1,0846;05-2014;May;5;2014;0,9838651;-0,016134918
394;2014-04-30;CAD Curncy;1,0962;04-2014;Apr;4;2014;0,98941797;-0,01058203
393;2014-03-31;CAD Curncy;1,105;03-2014;Mar;3;2014;0,99203616;-0,007963836
392;2014-02-28;CAD Curncy;1,1064;02-2014;Feb;2;2014;0,99873465;-0,001265347
391;2014-01-31;CAD Curncy;1,1128;01-2014;Jan;1;2014;0,99424875;-0,005751252
390;2013-12-31;CAD Curncy;1,0623;12-2013;Dec;12;2013;1,0475384;0,0475384
389;2013-11-29;CAD Curncy;1,0614;11-2013;Nov;11;2013;1,0008478;0,00084781647
388;2013-10-31;CAD Curncy;1,0431;10-2013;Oct;10;2013;1,0175439;0,017543912
387;2013-09-30;CAD Curncy;1,0309;09-2013;Sep;9;2013;1,0118343;0,011834264
386;2013-08-30;CAD Curncy;1,0537;08-2013;Aug;8;2013;0,97836196;-0,021638036
385;2013-07-31;CAD Curncy;1,0277;07-2013;Jul;7;2013;1,0252992;0,025299191
384;2013-06-28;CAD Curncy;1,0519;06-2013;Jun;6;2013;0,9769939;-0,023006082
383;2013-05-31;CAD Curncy;1,0375;05-2013;May;5;2013;1,0138795;0,013879538
382;2013-04-30;CAD Curncy;1,0073;04-2013;Apr;4;2013;1,0299811;0,029981136
381;2013-03-29;CAD Curncy;1,0174;03-2013;Mar;3;2013;0,9900727;-0,009927273
380;2013-02-28;CAD Curncy;1,0306;02-2013;Feb;2;2013;0,987192;-0,012808025
379;2013-01-31;CAD Curncy;0,9972;01-2013;Jan;1;2013;1,0334938;0,033493757
378;2012-12-31;CAD Curncy;0,9921;12-2012;Dec;12;2012;1,0051407;0,005140662
377;2012-11-30;CAD Curncy;0,9944;11-2012;Nov;11;2012;0,99768704;-0,0023129582
376;2012-10-31;CAD Curncy;0,9994;10-2012;Oct;10;2012;0,994997;-0,0050029755
375;2012-09-28;CAD Curncy;0,9837;09-2012;Sep;9;2012;1,0159602;0,015960217
374;2012-08-31;CAD Curncy;0,9863;08-2012;Aug;8;2012;0,99736387;-0,0026361346
373;2012-07-31;CAD Curncy;1,0031;07-2012;Jul;7;2012;0,98325187;-0,01674813
372;2012-06-29;CAD Curncy;1,0166;06-2012;Jun;6;2012;0,98672044;-0,013279557
371;2012-05-31;CAD Curncy;1,0328;05-2012;May;5;2012;0,98431456;-0,01568544
370;2012-04-30;CAD Curncy;0,9872;04-2012;Apr;4;2012;1,0461912;0,046191216
369;2012-03-30;CAD Curncy;0,9987;03-2012;Mar;3;2012;0,98848504;-0,011514962
368;2012-02-29;CAD Curncy;0,9899;02-2012;Feb;2;2012;1,0088898;0,008889794
367;2012-01-31;CAD Curncy;1,0026;01-2012;Jan;1;2012;0,987333;-0,012667
366;2011-12-30;CAD Curncy;1,0213;12-2011;Dec;12;2011;0,98169;-0,01831001
365;2011-11-30;CAD Curncy;1,0174;11-2011;Nov;11;2011;1,0038332;0,0038331747
364;2011-10-31;CAD Curncy;1,0008;10-2011;Oct;10;2011;1,0165868;0,01658678
363;2011-09-30;CAD Curncy;1,0503;09-2011;Sep;9;2011;0,9528706;-0,047129393
362;2021-09-30;BRL Curncy;5,443;09-2021;Sep;9;2021;;
361;2021-08-31;BRL Curncy;5,1512;08-2021;Aug;8;2021;1,056647;0,056646943
360;2021-07-30;BRL Curncy;5,2115;07-2021;Jul;7;2021;0,98842937;-0,011570632
359;2021-06-30;BRL Curncy;4,969;06-2021;Jun;6;2021;1,0488026;0,048802614
358;2021-05-31;BRL Curncy;5,2191;05-2021;May;5;2021;0,95207983;-0,047920167
357;2021-04-30;BRL Curncy;5,4381;04-2021;Apr;4;2021;0,9597286;-0,0402714
356;2021-03-31;BRL Curncy;5,6344;03-2021;Mar;3;2021;0,9651604;-0,03483957
355;2021-02-26;BRL Curncy;5,6023;02-2021;Feb;2;2021;1,0057298;0,0057297945
354;2021-01-29;BRL Curncy;5,4715;01-2021;Jan;1;2021;1,0239058;0,023905754
353;2020-12-31;BRL Curncy;5,1935;12-2020;Dec;12;2020;1,0535284;0,053528428
352;2020-11-30;BRL Curncy;5,3583;11-2020;Nov;11;2020;0,96924394;-0,030756056
351;2020-10-30;BRL Curncy;5,7444;10-2020;Oct;10;2020;0,93278676;-0,06721324
350;2020-09-30;BRL Curncy;5,6103;09-2020;Sep;9;2020;1,0239024;0,023902416
349;2020-08-31;BRL Curncy;5,4937;08-2020;Aug;8;2020;1,0212243;0,02122426
348;2020-07-31;BRL Curncy;5,2225;07-2020;Jul;7;2020;1,0519292;0,051929235
347;2020-06-30;BRL Curncy;5,4659;06-2020;Jun;6;2020;0,95546937;-0,04453063
346;2020-05-29;BRL Curncy;5,337;05-2020;May;5;2020;1,0241522;0,02415216
345;2020-04-30;BRL Curncy;5,4858;04-2020;Apr;4;2020;0,9728754;-0,027124584
344;2020-03-31;BRL Curncy;5,2053;03-2020;Mar;3;2020;1,0538874;0,053887367
343;2020-02-28;BRL Curncy;4,472;02-2020;Feb;2;2020;1,1639758;0,16397583
342;2020-01-31;BRL Curncy;4,2828;01-2020;Jan;1;2020;1,0441767;0,044176698
341;2019-12-31;BRL Curncy;4,0249;12-2019;Dec;12;2019;1,0640762;0,064076185
340;2019-11-29;BRL Curncy;4,2371;11-2019;Nov;11;2019;0,94991857;-0,050081432
339;2019-10-31;BRL Curncy;4,0195;10-2019;Oct;10;2019;1,0541362;0,054136157
338;2019-09-30;BRL Curncy;4,157;09-2019;Sep;9;2019;0,9669232;-0,033076823
337;2019-08-30;BRL Curncy;4,1455;08-2019;Aug;8;2019;1,0027741;0,0027741194
336;2019-07-31;BRL Curncy;3,8115;07-2019;Jul;7;2019;1,0876296;0,08762956
335;2019-06-28;BRL Curncy;3,8497;06-2019;Jun;6;2019;0,9900772;-0,009922802
334;2019-05-31;BRL Curncy;3,9229;05-2019;May;5;2019;0,98134035;-0,018659651
333;2019-04-30;BRL Curncy;3,919;04-2019;Apr;4;2019;1,0009952;0,0009951591
332;2019-03-29;BRL Curncy;3,921;03-2019;Mar;3;2019;0,9994899;-0,00051009655
331;2019-02-28;BRL Curncy;3,7564;02-2019;Feb;2;2019;1,0438185;0,043818474
330;2019-01-31;BRL Curncy;3,6471;01-2019;Jan;1;2019;1,0299691;0,029969096
329;2018-12-31;BRL Curncy;3,8812;12-2018;Dec;12;2018;0,93968356;-0,060316443
328;2018-11-30;BRL Curncy;3,8671;11-2018;Nov;11;2018;1,0036461;0,0036461353
327;2018-10-31;BRL Curncy;3,724;10-2018;Oct;10;2018;1,0384264;0,0384264
326;2018-09-28;BRL Curncy;4,0504;09-2018;Sep;9;2018;0,9194154;-0,080584586
325;2018-08-31;BRL Curncy;4,0551;08-2018;Aug;8;2018;0,9988409;-0,0011590719
324;2018-07-31;BRL Curncy;3,7572;07-2018;Jul;7;2018;1,0792878;0,07928777
323;2018-06-29;BRL Curncy;3,8769;06-2018;Jun;6;2018;0,96912485;-0,030875146
322;2018-05-31;BRL Curncy;3,7239;05-2018;May;5;2018;1,041086;0,04108596
321;2018-04-30;BRL Curncy;3,5063;04-2018;Apr;4;2018;1,0620598;0,06205976
320;2018-03-30;BRL Curncy;3,3063;03-2018;Mar;3;2018;1,0604906;0,06049061
319;2018-02-28;BRL Curncy;3,2475;02-2018;Feb;2;2018;1,0181062;0,018106222
318;2018-01-31;BRL Curncy;3,1875;01-2018;Jan;1;2018;1,0188235;0,018823504
317;2017-12-29;BRL Curncy;3,3125;12-2017;Dec;12;2017;0,9622642;-0,03773582
316;2017-11-30;BRL Curncy;3,2681;11-2017;Nov;11;2017;1,0135859;0,013585925
315;2017-10-31;BRL Curncy;3,2713;10-2017;Oct;10;2017;0,99902177;-0,0009782314
314;2017-09-29;BRL Curncy;3,1625;09-2017;Sep;9;2017;1,0344032;0,034403205
313;2017-08-31;BRL Curncy;3,1491;08-2017;Aug;8;2017;1,0042552;0,0042551756
312;2017-07-31;BRL Curncy;3,1254;07-2017;Jul;7;2017;1,007583;0,007583022
311;2017-06-30;BRL Curncy;3,3082;06-2017;Jun;6;2017;0,9447434;-0,055256605
310;2017-05-31;BRL Curncy;3,227;05-2017;May;5;2017;1,0251627;0,025162697
309;2017-04-28;BRL Curncy;3,1768;04-2017;Apr;4;2017;1,015802;0,015802026
308;2017-03-31;BRL Curncy;3,122;03-2017;Mar;3;2017;1,0175529;0,017552853
307;2017-02-28;BRL Curncy;3,1104;02-2017;Feb;2;2017;1,0037295;0,0037294626
306;2017-01-31;BRL Curncy;3,1486;01-2017;Jan;1;2017;0,9878676;-0,012132406
305;2016-12-30;BRL Curncy;3,2552;12-2016;Dec;12;2016;0,96725243;-0,032747567
304;2016-11-30;BRL Curncy;3,3858;11-2016;Nov;11;2016;0,96142715;-0,038572848
303;2016-10-31;BRL Curncy;3,1936;10-2016;Oct;10;2016;1,0601828;0,06018281
302;2016-09-30;BRL Curncy;3,2624;09-2016;Sep;9;2016;0,9789112;-0,021088779
301;2016-08-31;BRL Curncy;3,2267;08-2016;Aug;8;2016;1,0110639;0,011063933
300;2016-07-29;BRL Curncy;3,2489;07-2016;Jul;7;2016;0,993167;-0,006833017
299;2016-06-30;BRL Curncy;3,213;06-2016;Jun;6;2016;1,0111734;0,0111733675
298;2016-05-31;BRL Curncy;3,6116;05-2016;May;5;2016;0,8896334;-0,11036658
297;2016-04-29;BRL Curncy;3,4358;04-2016;Apr;4;2016;1,0511671;0,05116713
296;2016-03-31;BRL Curncy;3,5922;03-2016;Mar;3;2016;0,95646125;-0,04353875
295;2016-02-29;BRL Curncy;4,0159;02-2016;Feb;2;2016;0,89449435;-0,105505645
294;2016-01-29;BRL Curncy;3,9992;01-2016;Jan;1;2016;1,0041759;0,0041759014
293;2015-12-31;BRL Curncy;3,9608;12-2015;Dec;12;2015;1,009695;0,009695053
292;2015-11-30;BRL Curncy;3,8674;11-2015;Nov;11;2015;1,0241506;0,02415061
291;2015-10-30;BRL Curncy;3,8558;10-2015;Oct;10;2015;1,0030085;0,0030084848
290;2015-09-30;BRL Curncy;3,9475;09-2015;Sep;9;2015;0,9767701;-0,023229897
289;2015-08-31;BRL Curncy;3,6205;08-2015;Aug;8;2015;1,090319;0,09031904
288;2015-07-31;BRL Curncy;3,4214;07-2015;Jul;7;2015;1,0581926;0,05819261
287;2015-06-30;BRL Curncy;3,103;06-2015;Jun;6;2015;1,1026105;0,10261047
286;2015-05-29;BRL Curncy;3,1787;05-2015;May;5;2015;0,9761852;-0,023814797
285;2015-04-30;BRL Curncy;3,0145;04-2015;Apr;4;2015;1,0544701;0,054470062
284;2015-03-31;BRL Curncy;3,1967;03-2015;Mar;3;2015;0,94300365;-0,056996346
283;2015-02-27;BRL Curncy;2,8412;02-2015;Feb;2;2015;1,1251231;0,12512314
282;2015-01-30;BRL Curncy;2,6829;01-2015;Jan;1;2015;1,0590034;0,059003353
281;2014-12-31;BRL Curncy;2,6576;12-2014;Dec;12;2014;1,0095199;0,009519935
280;2014-11-28;BRL Curncy;2,5654;11-2014;Nov;11;2014;1,0359398;0,035939813
279;2014-10-31;BRL Curncy;2,4778;10-2014;Oct;10;2014;1,0353539;0,0353539
278;2014-09-30;BRL Curncy;2,4469;09-2014;Sep;9;2014;1,0126282;0,012628198
277;2014-08-29;BRL Curncy;2,2359;08-2014;Aug;8;2014;1,0943692;0,09436917
276;2014-07-31;BRL Curncy;2,2636;07-2014;Jul;7;2014;0,98776275;-0,012237251
275;2014-06-30;BRL Curncy;2,2143;06-2014;Jun;6;2014;1,0222645;0,02226448
274;2014-05-30;BRL Curncy;2,2415;05-2014;May;5;2014;0,98786527;-0,012134731
273;2014-04-30;BRL Curncy;2,2323;04-2014;Apr;4;2014;1,0041213;0,0041213036
272;2014-03-31;BRL Curncy;2,2719;03-2014;Mar;3;2014;0,9825697;-0,017430305
271;2014-02-28;BRL Curncy;2,3443;02-2014;Feb;2;2014;0,96911657;-0,030883431
270;2014-01-31;BRL Curncy;2,4128;01-2014;Jan;1;2014;0,9716097;-0,028390288
269;2013-12-31;BRL Curncy;2,3621;12-2013;Dec;12;2013;1,021464;0,02146399
268;2013-11-29;BRL Curncy;2,336;11-2013;Nov;11;2013;1,0111729;0,011172891
267;2013-10-31;BRL Curncy;2,2398;10-2013;Oct;10;2013;1,0429503;0,042950273
266;2013-09-30;BRL Curncy;2,217;09-2013;Sep;9;2013;1,0102842;0,010284185
265;2013-08-30;BRL Curncy;2,3855;08-2013;Aug;8;2013;0,9293649;-0,07063508
264;2013-07-31;BRL Curncy;2,2766;07-2013;Jul;7;2013;1,0478345;0,047834516
263;2013-06-28;BRL Curncy;2,2317;06-2013;Jun;6;2013;1,0201192;0,02011919
262;2013-05-31;BRL Curncy;2,1411;05-2013;May;5;2013;1,0423146;0,04231465
261;2013-04-30;BRL Curncy;2,0013;04-2013;Apr;4;2013;1,0698545;0,0698545
260;2013-03-29;BRL Curncy;2,0217;03-2013;Mar;3;2013;0,9899096;-0,010090411
259;2013-02-28;BRL Curncy;1,9785;02-2013;Feb;2;2013;1,0218346;0,021834612
258;2013-01-31;BRL Curncy;1,9915;01-2013;Jan;1;2013;0,9934723;-0,006527722
257;2012-12-31;BRL Curncy;2,0516;12-2012;Dec;12;2012;0,9707058;-0,029294193
256;2012-11-30;BRL Curncy;2,136;11-2012;Nov;11;2012;0,9604869;-0,03951311
255;2012-10-31;BRL Curncy;2,0308;10-2012;Oct;10;2012;1,0518022;0,05180216
254;2012-09-28;BRL Curncy;2,0264;09-2012;Sep;9;2012;1,0021714;0,0021713972
253;2012-08-31;BRL Curncy;2,0308;08-2012;Aug;8;2012;0,9978334;-0,0021666288
252;2012-07-31;BRL Curncy;2,0569;07-2012;Jul;7;2012;0,98731107;-0,012688935
251;2012-06-29;BRL Curncy;2,0094;06-2012;Jun;6;2012;1,023639;0,023638964
250;2012-05-31;BRL Curncy;2,0227;05-2012;May;5;2012;0,99342453;-0,006575465
249;2012-04-30;BRL Curncy;1,9083;04-2012;Apr;4;2012;1,0599487;0,059948683
248;2012-03-30;BRL Curncy;1,8268;03-2012;Mar;3;2012;1,0446136;0,0446136
247;2012-02-29;BRL Curncy;1,7174;02-2012;Feb;2;2012;1,0637009;0,063700914
246;2012-01-31;BRL Curncy;1,7468;01-2012;Jan;1;2012;0,98316926;-0,016830742
245;2011-12-30;BRL Curncy;1,8668;12-2011;Dec;12;2011;0,9357189;-0,064281106
244;2011-11-30;BRL Curncy;1,8085;11-2011;Nov;11;2011;1,0322366;0,032236576
243;2011-10-31;BRL Curncy;1,7157;10-2011;Oct;10;2011;1,0540887;0,05408871
242;2011-09-30;BRL Curncy;1,8793;09-2011;Sep;9;2011;0,91294634;-0,08705366
604;2021-09-30;AUD Curncy;0,7227;09-2021;Sep;9;2021;;
603;2021-08-31;AUD Curncy;0,7316;08-2021;Aug;8;2021;0,9878349;-0,012165129
602;2021-07-30;AUD Curncy;0,7344;07-2021;Jul;7;2021;0,9961874;-0,003812611
601;2021-06-30;AUD Curncy;0,7498;06-2021;Jun;6;2021;0,97946113;-0,020538867
600;2021-05-31;AUD Curncy;0,7734;05-2021;May;5;2021;0,9694854;-0,030514598
599;2021-04-30;AUD Curncy;0,7716;04-2021;Apr;4;2021;1,0023328;0,0023328066
598;2021-03-31;AUD Curncy;0,7598;03-2021;Mar;3;2021;1,0155303;0,015530348
597;2021-02-26;AUD Curncy;0,7706;02-2021;Feb;2;2021;0,9859849;-0,014015079
596;2021-01-29;AUD Curncy;0,7644;01-2021;Jan;1;2021;1,008111;0,008111
595;2020-12-31;AUD Curncy;0,7694;12-2020;Dec;12;2020;0,9935014;-0,006498575
594;2020-11-30;AUD Curncy;0,7344;11-2020;Nov;11;2020;1,047658;0,047657967
593;2020-10-30;AUD Curncy;0,7028;10-2020;Oct;10;2020;1,044963;0,044963002
592;2020-09-30;AUD Curncy;0,7162;09-2020;Sep;9;2020;0,9812901;-0,018709898
591;2020-08-31;AUD Curncy;0,7376;08-2020;Aug;8;2020;0,97098696;-0,029013038
590;2020-07-31;AUD Curncy;0,7143;07-2020;Jul;7;2020;1,0326195;0,032619476
589;2020-06-30;AUD Curncy;0,6903;06-2020;Jun;6;2020;1,0347675;0,03476751
588;2020-05-29;AUD Curncy;0,6667;05-2020;May;5;2020;1,0353982;0,035398245
587;2020-04-30;AUD Curncy;0,6512;04-2020;Apr;4;2020;1,0238023;0,02380228
586;2020-03-31;AUD Curncy;0,6131;03-2020;Mar;3;2020;1,0621432;0,062143207
585;2020-02-28;AUD Curncy;0,6515;02-2020;Feb;2;2020;0,9410591;-0,058940887
584;2020-01-31;AUD Curncy;0,6692;01-2020;Jan;1;2020;0,9735505;-0,026449502
583;2019-12-31;AUD Curncy;0,7021;12-2019;Dec;12;2019;0,9531406;-0,046859384
582;2019-11-29;AUD Curncy;0,6763;11-2019;Nov;11;2019;1,0381488;0,03814876
581;2019-10-31;AUD Curncy;0,6894;10-2019;Oct;10;2019;0,9809979;-0,01900208
580;2019-09-30;AUD Curncy;0,675;09-2019;Sep;9;2019;1,0213333;0,021333337
579;2019-08-30;AUD Curncy;0,6733;08-2019;Aug;8;2019;1,0025249;0,0025248528
578;2019-07-31;AUD Curncy;0,6845;07-2019;Jul;7;2019;0,98363775;-0,01636225
577;2019-06-28;AUD Curncy;0,702;06-2019;Jun;6;2019;0,9750712;-0,024928808
576;2019-05-31;AUD Curncy;0,6938;05-2019;May;5;2019;1,011819;0,011819005
575;2019-04-30;AUD Curncy;0,7048;04-2019;Apr;4;2019;0,9843927;-0,015607297
574;2019-03-29;AUD Curncy;0,7096;03-2019;Mar;3;2019;0,9932357;-0,0067642927
573;2019-02-28;AUD Curncy;0,7094;02-2019;Feb;2;2019;1,0002819;0,00028192997
572;2019-01-31;AUD Curncy;0,7273;01-2019;Jan;1;2019;0,9753884;-0,024611592
571;2018-12-31;AUD Curncy;0,7049;12-2018;Dec;12;2018;1,0317775;0,0317775
570;2018-11-30;AUD Curncy;0,7306;11-2018;Nov;11;2018;0,9648235;-0,035176516
569;2018-10-31;AUD Curncy;0,7073;10-2018;Oct;10;2018;1,0329422;0,032942176
568;2018-09-28;AUD Curncy;0,7224;09-2018;Sep;9;2018;0,9790974;-0,020902574
567;2018-08-31;AUD Curncy;0,7189;08-2018;Aug;8;2018;1,0048685;0,0048685074
566;2018-07-31;AUD Curncy;0,7424;07-2018;Jul;7;2018;0,96834594;-0,03165406
565;2018-06-29;AUD Curncy;0,7405;06-2018;Jun;6;2018;1,0025659;0,0025658607
564;2018-05-31;AUD Curncy;0,7568;05-2018;May;5;2018;0,9784619;-0,021538079
563;2018-04-30;AUD Curncy;0,753;04-2018;Apr;4;2018;1,0050465;0,005046487
562;2018-03-30;AUD Curncy;0,7679;03-2018;Mar;3;2018;0,9805965;-0,019403517
561;2018-02-28;AUD Curncy;0,7762;02-2018;Feb;2;2018;0,98930687;-0,010693133
560;2018-01-31;AUD Curncy;0,8055;01-2018;Jan;1;2018;0,96362513;-0,036374867
559;2017-12-29;AUD Curncy;0,7809;12-2017;Dec;12;2017;1,0315021;0,031502128
558;2017-11-30;AUD Curncy;0,7566;11-2017;Nov;11;2017;1,0321174;0,032117367
557;2017-10-31;AUD Curncy;0,7656;10-2017;Oct;10;2017;0,98824453;-0,011755466
556;2017-09-29;AUD Curncy;0,7834;09-2017;Sep;9;2017;0,9772786;-0,02272141
555;2017-08-31;AUD Curncy;0,7947;08-2017;Aug;8;2017;0,9857808;-0,014219224
554;2017-07-31;AUD Curncy;0,8003;07-2017;Jul;7;2017;0,99300265;-0,006997347
553;2017-06-30;AUD Curncy;0,7689;06-2017;Jun;6;2017;1,0408376;0,040837646
552;2017-05-31;AUD Curncy;0,743;05-2017;May;5;2017;1,0348587;0,034858704
551;2017-04-28;AUD Curncy;0,7488;04-2017;Apr;4;2017;0,99225426;-0,007745743
550;2017-03-31;AUD Curncy;0,7629;03-2017;Mar;3;2017;0,98151785;-0,018482149
549;2017-02-28;AUD Curncy;0,7657;02-2017;Feb;2;2017;0,99634326;-0,003656745
548;2017-01-31;AUD Curncy;0,7585;01-2017;Jan;1;2017;1,0094924;0,009492397
547;2016-12-30;AUD Curncy;0,7208;12-2016;Dec;12;2016;1,052303;0,052302957
546;2016-11-30;AUD Curncy;0,7385;11-2016;Nov;11;2016;0,9760325;-0,023967505
545;2016-10-31;AUD Curncy;0,7609;10-2016;Oct;10;2016;0,97056115;-0,029438853
544;2016-09-30;AUD Curncy;0,7664;09-2016;Sep;9;2016;0,99282366;-0,0071763396
543;2016-08-31;AUD Curncy;0,7517;08-2016;Aug;8;2016;1,0195557;0,019555688
542;2016-07-29;AUD Curncy;0,7596;07-2016;Jul;7;2016;0,98959976;-0,010400236
541;2016-06-30;AUD Curncy;0,7451;06-2016;Jun;6;2016;1,0194604;0,01946044
540;2016-05-31;AUD Curncy;0,7234;05-2016;May;5;2016;1,0299972;0,02999723
539;2016-04-29;AUD Curncy;0,7603;04-2016;Apr;4;2016;0,95146656;-0,04853344
538;2016-03-31;AUD Curncy;0,7657;03-2016;Mar;3;2016;0,99294764;-0,007052362
537;2016-02-29;AUD Curncy;0,7141;02-2016;Feb;2;2016;1,0722587;0,07225871
536;2016-01-29;AUD Curncy;0,7084;01-2016;Jan;1;2016;1,0080463;0,008046269
535;2015-12-31;AUD Curncy;0,7286;12-2015;Dec;12;2015;0,97227556;-0,027724445
534;2015-11-30;AUD Curncy;0,7227;11-2015;Nov;11;2015;1,0081638;0,00816381
533;2015-10-30;AUD Curncy;0,7138;10-2015;Oct;10;2015;1,0124685;0,012468457
532;2015-09-30;AUD Curncy;0,7018;09-2015;Sep;9;2015;1,0170989;0,017098904
531;2015-08-31;AUD Curncy;0,7113;08-2015;Aug;8;2015;0,98664415;-0,013355851
530;2015-07-31;AUD Curncy;0,7308;07-2015;Jul;7;2015;0,97331697;-0,026683033
529;2015-06-30;AUD Curncy;0,7707;06-2015;Jun;6;2015;0,9482289;-0,051771104
528;2015-05-29;AUD Curncy;0,7645;05-2015;May;5;2015;1,0081098;0,008109808
527;2015-04-30;AUD Curncy;0,7905;04-2015;Apr;4;2015;0,96710944;-0,03289056
526;2015-03-31;AUD Curncy;0,7607;03-2015;Mar;3;2015;1,0391744;0,039174438
525;2015-02-27;AUD Curncy;0,7808;02-2015;Feb;2;2015;0,9742572;-0,025742829
524;2015-01-30;AUD Curncy;0,7762;01-2015;Jan;1;2015;1,0059263;0,0059262514
523;2014-12-31;AUD Curncy;0,8175;12-2014;Dec;12;2014;0,9494801;-0,050519884
522;2014-11-28;AUD Curncy;0,8506;11-2014;Nov;11;2014;0,9610863;-0,038913727
521;2014-10-31;AUD Curncy;0,8798;10-2014;Oct;10;2014;0,96681064;-0,033189356
520;2014-09-30;AUD Curncy;0,8747;09-2014;Sep;9;2014;1,0058305;0,0058305264
519;2014-08-29;AUD Curncy;0,9339;08-2014;Aug;8;2014;0,9366099;-0,063390076
518;2014-07-31;AUD Curncy;0,9295;07-2014;Jul;7;2014;1,0047338;0,004733801
517;2014-06-30;AUD Curncy;0,9433;06-2014;Jun;6;2014;0,98537046;-0,014629543
516;2014-05-30;AUD Curncy;0,931;05-2014;May;5;2014;1,0132116;0,013211608
515;2014-04-30;AUD Curncy;0,9287;04-2014;Apr;4;2014;1,0024766;0,002476573
514;2014-03-31;AUD Curncy;0,9264;03-2014;Mar;3;2014;1,0024827;0,0024826527
513;2014-02-28;AUD Curncy;0,8924;02-2014;Feb;2;2014;1,0380995;0,038099527
512;2014-01-31;AUD Curncy;0,8756;01-2014;Jan;1;2014;1,0191869;0,019186854
511;2013-12-31;AUD Curncy;0,8917;12-2013;Dec;12;2013;0,98194456;-0,018055439
510;2013-11-29;AUD Curncy;0,9108;11-2013;Nov;11;2013;0,9790295;-0,020970523
509;2013-10-31;AUD Curncy;0,9456;10-2013;Oct;10;2013;0,96319795;-0,036802053
508;2013-09-30;AUD Curncy;0,9317;09-2013;Sep;9;2013;1,0149189;0,014918923
507;2013-08-30;AUD Curncy;0,8901;08-2013;Aug;8;2013;1,0467364;0,04673636
506;2013-07-31;AUD Curncy;0,8982;07-2013;Jul;7;2013;0,990982;-0,009018004
505;2013-06-28;AUD Curncy;0,9138;06-2013;Jun;6;2013;0,9829284;-0,017071605
504;2013-05-31;AUD Curncy;0,9571;05-2013;May;5;2013;0,9547592;-0,04524082
503;2013-04-30;AUD Curncy;1,0371;04-2013;Apr;4;2013;0,9228618;-0,077138186
502;2013-03-29;AUD Curncy;1,0419;03-2013;Mar;3;2013;0,995393;-0,004607022
501;2013-02-28;AUD Curncy;1,0215;02-2013;Feb;2;2013;1,0199707;0,019970655
500;2013-01-31;AUD Curncy;1,0425;01-2013;Jan;1;2013;0,9798561;-0,020143926
499;2012-12-31;AUD Curncy;1,0394;12-2012;Dec;12;2012;1,0029825;0,0029824972
498;2012-11-30;AUD Curncy;1,0428;11-2012;Nov;11;2012;0,99673957;-0,0032604337
497;2012-10-31;AUD Curncy;1,0376;10-2012;Oct;10;2012;1,0050114;0,0050114393
496;2012-09-28;AUD Curncy;1,0378;09-2012;Sep;9;2012;0,99980736;-0,00019264221
495;2012-08-31;AUD Curncy;1,0322;08-2012;Aug;8;2012;1,0054253;0,005425334
494;2012-07-31;AUD Curncy;1,0503;07-2012;Jul;7;2012;0,9827668;-0,017233193
493;2012-06-29;AUD Curncy;1,0238;06-2012;Jun;6;2012;1,0258839;0,025883913
492;2012-05-31;AUD Curncy;0,9734;05-2012;May;5;2012;1,0517772;0,051777244
491;2012-04-30;AUD Curncy;1,0429;04-2012;Apr;4;2012;0,9333589;-0,06664109
490;2012-03-30;AUD Curncy;1,0346;03-2012;Mar;3;2012;1,0080224;0,008022428
489;2012-02-29;AUD Curncy;1,0732;02-2012;Feb;2;2012;0,9640328;-0,03596717
488;2012-01-31;AUD Curncy;1,0621;01-2012;Jan;1;2012;1,010451;0,010450959
487;2011-12-30;AUD Curncy;1,0209;12-2011;Dec;12;2011;1,0403566;0,040356636
486;2011-11-30;AUD Curncy;1,0283;11-2011;Nov;11;2011;0,99280363;-0,007196367
485;2011-10-31;AUD Curncy;1,053;10-2011;Oct;10;2011;0,9765433;-0,023456693
484;2011-09-30;AUD Curncy;0,9662;09-2011;Sep;9;2011;1,0898365;0,08983648
